id,session,identifier,title,name,classification,jurisdiction_id,date,note,media_type,url
ocd-bill/c25d7e52-abee-44c3-bac2-0c9c7e027ffc,105,LR 130,Interim study to examine issues related to the use of substitute teachers,Nebraska Legislature,legislature,ocd-jurisdiction/country:us/state:ne/government,,Introduced Copy,application/pdf,http://nebraskalegislature.gov/FloorDocs/105/PDF/Intro/LR130.pdf
ocd-bill/07e87b71-48d3-4ea2-ba76-628e5b742bd5,53rd-1st-regular,SB 1442,corrections officer retirement plan; modifications,Senate,upper,ocd-jurisdiction/country:us/state:az/government,,House Engrossed Version,text/html,http://www.azleg.gov/legtext/53leg/1R/bills/SB1442H.htm
ocd-bill/4ef9ab92-8e9b-4e6b-a108-a592b60cbe77,53rd-1st-regular,HB 2047,liquor; serving age; reduction,House,lower,ocd-jurisdiction/country:us/state:az/government,,Chaptered Version,text/html,http://www.azleg.gov/legtext/53leg/1R/laws/0054.htm
ocd-bill/04ae1979-d6ab-4c8d-b840-c72781d33181,217,A 241,Allows exclusion of certain alternative energy and energy conservation patent income under gross income tax and corporation business tax.,Assembly,lower,ocd-jurisdiction/country:us/state:nj/government,,Introduced Version,text/html,http://www.njleg.state.nj.us/2016/Bills/A0500/241_I1.HTM
ocd-bill/d2208ea6-1a84-4345-beed-d8a7c55ba943,217,S 1856,Provides for retained eligibility for members of NJ National Guard or reserve component of US Armed Forces called to active federal military service who met maximum age requirement at closing date of civil service examination.,Senate,upper,ocd-jurisdiction/country:us/state:nj/government,,Introduced Version,text/html,http://www.njleg.state.nj.us/2016/Bills/S2000/1856_I1.HTM
ocd-bill/e6b25b09-9963-43be-85e8-e3c51b01ab9e,2017-2018,HCR 4409,Returning bills to their house of origin.,House,lower,ocd-jurisdiction/country:us/state:wa/government,,Concurrent Resolution,text/html,http://lawfilesext.leg.wa.gov/Biennium/2017-18/Htm/Bills/House%20Concurrent%20Resolutions/4409.htm
ocd-bill/014a0d8a-1c31-4ac9-9ad4-ef04b59cfe73,2017-2018,A 8853,Relates to reporting on the metropolitan transportation authority's state of good repair,Assembly,lower,ocd-jurisdiction/country:us/state:ny/government,,A8853 HTML,text/html,http://assembly.state.ny.us/leg/?sh=printbill&bn=A8853&term=2017
ocd-bill/45dca831-b75a-4e84-b500-0f0bdf2a6a90,2017-2018,SR 159,A Senate resolution relating to postage,Minnesota Senate,upper,ocd-jurisdiction/country:us/state:mn/government,,resolution text,text/html,http://www.senate.mn/resolutions/display_resolution.php?ls=&bill_type=SR&bill_number=0159&ss_number=0&ss_year=2017
ocd-bill/dcdf21f2-ee60-4f06-9adb-c16609233889,2017rs,SB 30,"Driving under the influence, suspension of driver's licenses by Ala. St. Law Enforcement Agency, first time offenders, stay of suspension with use of ignition interlock devices, Sec. 32-5A-304 am'd.",Senate,upper,ocd-jurisdiction/country:us/state:al/government,,Introduced,application/pdf,http://alisondb.legislature.state.al.us/ALISON/SearchableInstruments/2017rs/PrintFiles/SB30-int.pdf
ocd-bill/d0946b6d-6fac-41b7-92a9-f9810ad705b6,2017rs,HJR 83,"Jenkins, Samuel, Sr., death mourned",House,lower,ocd-jurisdiction/country:us/state:al/government,,Introduced,application/pdf,http://alisondb.legislature.state.al.us/ALISON/SearchableInstruments/2017rs/PrintFiles/HJR83-int.pdf
ocd-bill/53db033a-ae72-46a5-a581-fbf037623447,851,HB 365,Relating to regulation of certain credit services organizations.,House,lower,ocd-jurisdiction/country:us/state:tx/government,,Introduced,text/html,ftp://ftp.legis.state.tx.us/bills/851/billtext/html/house_bills/HB00300_HB00399/HB00365I.htm
ocd-bill/e61a6804-564b-4f0b-a608-4383ec8829bc,2017 Regular Session,AB 579,Relating to: voluntary prohibitions on purchasing a handgun. (FE),Assembly,lower,ocd-jurisdiction/country:us/state:wi/government,,Bill Text,text/html,http://docs.legis.wisconsin.gov/document/proposaltext/2017/REG/AB579
ocd-bill/e61a6804-564b-4f0b-a608-4383ec8829bc,2017 Regular Session,AB 579,Relating to: voluntary prohibitions on purchasing a handgun. (FE),Assembly,lower,ocd-jurisdiction/country:us/state:wi/government,,Bill Text,application/pdf,http://docs.legis.wisconsin.gov/document/proposaltext/2017/REG/AB579.pdf
ocd-bill/75d74d08-5132-42df-84e4-7bfa79426b00,2017-2018,HB 4323,Appropriations; omnibus; appropriations for fiscal year 2017-2018; provide. Creates appropriation act.,House,lower,ocd-jurisdiction/country:us/state:mi/government,,House Introduced Bill,text/html,http://www.legislature.mi.gov/documents/2017-2018/billintroduced/House/htm/2017-HIB-4323.htm
ocd-bill/25753739-90e0-4303-acb2-fe6976d109d4,2017-2018,H.C.R. 336,House concurrent resolution congratulating the 2018 Windsor High School Yellowjackets Division III championship boys' basketball team,House,lower,ocd-jurisdiction/country:us/state:vt/government,,As Introduced,application/pdf,https://legislature.vermont.gov/assets/Documents/2018/Docs/RESOLUTN/HCR336/HCR336%20As%20Introduced.pdf
ocd-bill/bcdf7fa4-447e-48f9-b838-64134d54b58e,2017-2018,S. 261,An act relating to ensuring a coordinated public health approach to addressing childhood adversity and promoting resilience,Senate,upper,ocd-jurisdiction/country:us/state:vt/government,,As Introduced,application/pdf,https://legislature.vermont.gov/assets/Documents/2018/Docs/BILLS/S-0261/S-0261%20As%20Introduced.pdf
ocd-bill/b13f47f0-d142-4434-9872-6af8e69ed3a6,2018A,SB 18-267,Create Justice Center Maintenance Fund,Senate,upper,ocd-jurisdiction/country:us/state:co/government,,Final Act (05/17/2018),application/pdf,http://leg.colorado.gov/sites/default/files/documents/2018A/bills/2018a_267_enr.pdf
ocd-bill/434b4848-93ad-481b-8fda-07971ad4f60d,190th,S 1770,An Act  requiring fiscal responsibility,Senate,upper,ocd-jurisdiction/country:us/state:ma/government,,Bill Text,application/pdf,https://malegislature.gov/Bills/190/S1770.pdf
ocd-bill/8ad20555-7642-44e6-be30-fd1c805ca7ad,2017-2018,SB 654,"Environmental protection; other; environmental science advisory board; create. Amends 1994 PA 451 (MCL 324.101 - 324.90106) by adding pt. 26.  TIE BAR WITH: SB 0652'17, SB 0653'17",Senate,upper,ocd-jurisdiction/country:us/state:mi/government,,Senate Introduced Bill,text/html,http://www.legislature.mi.gov/documents/2017-2018/billintroduced/Senate/htm/2017-SIB-0654.htm
ocd-bill/45637a2c-bb26-42ba-988e-89ecbbcdf4cf,2018,HB 517,State Employees' Prescription Drug Program,Florida House of Representatives,lower,ocd-jurisdiction/country:us/state:fl/government,,H 517 Filed,application/pdf,http://flsenate.gov/Session/Bill/2018/517/BillText/Filed/PDF
ocd-bill/6aa7aa44-bd69-4df7-943e-16d482930cce,2017S,HB 2,"TAX, FUND & DISTRIBUTION CHANGES",House,lower,ocd-jurisdiction/country:us/state:nm/government,,Final Version,application/pdf,http://www.nmlegis.gov/Sessions/17%20Special/final/HB0002.PDF
ocd-bill/282cedc7-e311-45d6-9db2-fe30b4db9144,2017A,HB 17-1346,Land Sale To Fort Logan Cemetery,House,lower,ocd-jurisdiction/country:us/state:co/government,,Introduced (04/19/2017),application/pdf,http://leg.colorado.gov/sites/default/files/documents/2017A/bills/2017a_1346_01.pdf
ocd-bill/d2e98fcc-abdc-4e5e-986d-5af036646315,132,HB 31,Abolish Government Contracting Advisory Council,House,lower,ocd-jurisdiction/country:us/state:oh/government,,As Reported by the Senate Government Oversight and Reform Committee,application/pdf,http://search-prod.lis.state.oh.us/solarapi/v1/general_assembly_132/bills/hb31/RS/03?format=pdf
ocd-bill/f5161221-ca0f-443a-9cbd-877ca4fc7ed2,22,B 22-0763,Southwest Waterfront Exemption Temporary Amendment Act of 2018,Council of the District of Columbia,legislature,ocd-jurisdiction/country:us/district:dc/government,,SignedAct,application/pdf,http://lims.dccouncil.us/Download/39978/B22-0763-SignedAct.pdf
ocd-bill/69202749-ef72-4c49-bd6f-26d8553d1368,2017,SR 159,Nominating a person to be elected to general district court   judgeship.,Senate,upper,ocd-jurisdiction/country:us/state:va/government,2017-02-23,Senate: Bill text as passed Senate (SR159ER),text/html,http://lis.virginia.gov/cgi-bin/legp604.exe?171+ful+SR159ER
ocd-bill/a235ccb8-f46d-45c5-aef6-9122d82ca473,2017A,SB 17-274,Nonadmitted Insurers Disability Surplus Lines Insurance,Senate,upper,ocd-jurisdiction/country:us/state:co/government,,Introduced (03/29/2017),application/pdf,http://leg.colorado.gov/sites/default/files/documents/2017A/bills/2017a_274_01.pdf
ocd-bill/24f22b0c-e062-4e18-b1bb-8475c3aeecd5,2017-2018,J 3294,Congratulating Mr. and Mrs. Robert L. Hasseler upon the occasion of celebrating their 50th Wedding Anniversary,Senate,upper,ocd-jurisdiction/country:us/state:ny/government,,J3294 PDF,application/pdf,http://legislation.nysenate.gov/pdf/bills/2017/J3294
ocd-bill/e6691684-e6c7-49d9-96ce-877f379895a0,2017-2020,RC 761,"Para ordenar a las Comisiones de Salud; y de Seguridad Pública de la Cámara de Representantes de Puerto Rico, realizar una investigación sobre el protocolo establecido por las agencias del Gobierno de Puerto Rico en los casos de intento de suicidio; y para otros fines.",House,lower,ocd-jurisdiction/country:us/territory:pr/government,,Texto de Aprobación Final en Cámara,application/vnd.openxmlformats-officedocument.wordprocessingml.document,http://www.oslpr.org/2017-2020/{1e233e847487438b9edfb97236677227}.docx
ocd-bill/2e501aa8-8d5c-4aae-824d-dce07644a78b,149,HB 83,AN ACT TO AMEND TITLE 17 OF THE DELAWARE CODE RELATING TO DELDOT RIGHTS OF WAY.,House,lower,ocd-jurisdiction/country:us/state:de/government,,Bill Text,text/html,https://legis.delaware.gov/json/BillDetail/GenerateHtmlDocument?legislationId=25491&legislationTypeId=1&docTypeId=2&legislationName=HB83
ocd-bill/2e501aa8-8d5c-4aae-824d-dce07644a78b,149,HB 83,AN ACT TO AMEND TITLE 17 OF THE DELAWARE CODE RELATING TO DELDOT RIGHTS OF WAY.,House,lower,ocd-jurisdiction/country:us/state:de/government,,Bill Text,application/pdf,https://legis.delaware.gov/json/BillDetail/GeneratePdfDocument?legislationId=25491&legislationTypeId=1&docTypeId=2&legislationName=HB83
ocd-bill/f9ae01cc-cb43-4f9f-98d7-786fd99dcbcb,2017,SB 85,AN ACT CONCERNING THE TRAINING OF INDIVIDUALS STAFFING RESIDENTIAL CARE HOMES LICENSED BY THE DEPARTMENT OF PUBLIC HEALTH.,Senate,upper,ocd-jurisdiction/country:us/state:ct/government,,R01,text/html,ftp://ftp.cga.ct.gov/2017/tob/s/2017SB-00085-R01-SB.htm
ocd-bill/5e6a14ca-2bc8-4b13-b9c8-83f2eaa4536c,2017,HB 5924,AN ACT CONCERNING CONSUMER NEWSPAPER SUBSCRIPTION REFUNDS.,House,lower,ocd-jurisdiction/country:us/state:ct/government,,R00,text/html,ftp://ftp.cga.ct.gov/2017/tob/h/2017HB-05924-R00-HB.htm
ocd-bill/e2c22c56-07fe-4e02-bbc4-0567dadfc80f,20172018,AB 2309,Sale of the West Los Angeles Courthouse.,Assembly,lower,ocd-jurisdiction/country:us/state:ca/government,2018-09-19,09/19/18 - Chaptered,application/pdf,https://leginfo.legislature.ca.gov/faces/billPdf.xhtml?bill_id=201720180AB2309&version=20170AB230996CHP
ocd-bill/21daece4-af62-478f-b65e-b0e96a395ecd,2017-2020,RC 797,"Para ordenar a la Comisión de Desarrollo Integrado de la Región Sur de la Cámara de Representantes de Puerto Rico, realizar un estudio abarcador con el propósito de atender las necesidades de desarrollo económico, desarrollo urbano y rural, empleo, ambiente, recreación, transportación y protección pública, tras el paso de los huracanes Irma y María por la Región Sur de Puerto Rico; e identificar recursos y alternativas a corto, mediano y largo plazo, con el propósito de acelerar la recuperación de dichos municipios.",House,lower,ocd-jurisdiction/country:us/territory:pr/government,,Texto de Aprobación Final en Cámara,application/msword,http://www.oslpr.org/2017-2020/{356aad21-29ae-49b9-8aa8-c708d702a768}.doc
ocd-bill/4e62bc77-d1b0-4c39-8b65-56079ea3617c,20172018,AB 2015,Pupil instruction: information about completion of applications for student financial aid.,Assembly,lower,ocd-jurisdiction/country:us/state:ca/government,,AB2015,text/html,http://leginfo.legislature.ca.gov/faces/billNavClient.xhtml?bill_id=201720180AB2015
ocd-bill/2ebb5663-f302-49cd-89a4-e25de849f13c,2018,HB 48,Joint Committee on Legislative Ethics - Confidentiality of Activities - Repeal,House,lower,ocd-jurisdiction/country:us/state:md/government,,Bill Text,application/pdf,http://mgaleg.maryland.gov/2018RS/bills/hb/hb0048f.pdf
ocd-bill/42c050d3-3aee-4dca-88b5-c801a7fccd08,2018,SB 99,"Public Safety - Permit to Carry, Wear, or Transport a Handgun - Qualifications",Senate,upper,ocd-jurisdiction/country:us/state:md/government,,Bill Text,application/pdf,http://mgaleg.maryland.gov/2018RS/bills/sb/sb0099f.pdf
ocd-bill/751ebf18-5d0f-492a-96bc-c02cb47a45da,2019,HB 78,"Designates July 7th of each year ad ""Missouri Sliced Bread Day""",House,lower,ocd-jurisdiction/country:us/state:mo/government,,Introduced,application/pdf,http://www.house.mo.gov/billtracking/bills191/hlrbillspdf/0543H.01I.pdf
ocd-bill/12d07573-7eb4-498f-af88-223ce763921b,2018,SB 1600,Ad Valorem Taxation,Florida Senate,upper,ocd-jurisdiction/country:us/state:fl/government,,S 1600 Filed,text/html,http://flsenate.gov/Session/Bill/2018/1600/BillText/Filed/HTML
ocd-bill/05a33999-fecc-470d-837d-9ed4388dee1f,2018,HB 7022,AN ACT RELATING TO COMMERCIAL LAW-- GENERAL REGULATORY PROVISIONS -- UNFAIR SALES PRACTICES (Prohibits price-gouging of prescribed drugs or pharmaceuticals in times of market emergency or market shortages and makes violators guilty of a felony and subject to injunctive relief.),House of Representatives,lower,ocd-jurisdiction/country:us/state:ri/government,,7022,application/pdf,http://webserver.rilin.state.ri.us/BillText/BillText18/HouseText18/H7022.pdf
ocd-bill/a03a3aea-3164-45bb-b940-5e015cd39536,2018RS,SB 39,"AN ACT relating to child abuse awareness and prevention. Amend KRS 156.070 to permit the Kentucky Board of Education to establish age-appropriate education programs pertaining to the recognition of child physical, sexual, and emotional abuse and neglect and how to report suspected abuse; create a short title, ""Erin's Law,"" for the amendments to KRS 156.070 contained in this Act and for KRS 156.095(7).",Senate,upper,ocd-jurisdiction/country:us/state:ky/government,,Most Recent Version,application/pdf,http://www.lrc.ky.gov/recorddocuments/bill/18RS/SB39/bill.pdf
ocd-bill/e3bd77b4-5188-4cd5-be88-19579101b5ec,110,HJR 942,"Memorials, Heroism - the late Mary Frances Housley - ",House,lower,ocd-jurisdiction/country:us/state:tn/government,,Current Version,application/pdf,http://www.capitol.tn.gov/Bills/110/Bill/HJR0942.pdf
ocd-bill/2e366771-fd3e-405f-ab7d-c7878c0168b2,53rd-2nd-regular,HB 2055,dual enrollment; annual report date,House,lower,ocd-jurisdiction/country:us/state:az/government,,Introduced Version,text/html,https://www.azleg.gov/legtext/53leg/2R/bills/HB2055P.htm
ocd-bill/234dd027-88ff-4f06-9322-e4f6a0f1a46f,2017-2018,SSB 1175,"Bill History for Senate Study Bill 1175Journal Actions Only                     Lobbyist Declarations                               By  COMMITTEE ON JUDICIARY         A bill for an act relating to offensive and dangerous weapons, and the justifiable use of reasonable and deadly force, including carrying, possessing, transferring, and acquiring weapons, the purchase and regulation of such weapons, providing penalties, and including effective date and applicability provisions.",Senate,upper,ocd-jurisdiction/country:us/state:ia/government,,Introduced,text/html,https://www.legis.iowa.gov/docs/publications/LGI/87/attachments/SSB1175.html
ocd-bill/234dd027-88ff-4f06-9322-e4f6a0f1a46f,2017-2018,SSB 1175,"Bill History for Senate Study Bill 1175Journal Actions Only                     Lobbyist Declarations                               By  COMMITTEE ON JUDICIARY         A bill for an act relating to offensive and dangerous weapons, and the justifiable use of reasonable and deadly force, including carrying, possessing, transferring, and acquiring weapons, the purchase and regulation of such weapons, providing penalties, and including effective date and applicability provisions.",Senate,upper,ocd-jurisdiction/country:us/state:ia/government,,Introduced,application/pdf,https://www.legis.iowa.gov/docs/publications/LGI/87/SSB1175.pdf
ocd-bill/d4dc3159-4b72-46cf-bb15-a12e6840ad72,2017,HB 701,OLB Uniform Discipline and Increase Oversight.,House,lower,ocd-jurisdiction/country:us/state:nc/government,,Edition 2,application/pdf,https://www.ncleg.net/Sessions/2017/Bills/House/PDF/H701v2.pdf
ocd-bill/7f91939e-45f2-4948-b65b-feca5eb2afc7,2018 Regular Session,HB 1602,RELATING TO OPIOIDS.,House,lower,ocd-jurisdiction/country:us/state:hi/government,,HB1602_HD1,text/html,https://www.capitol.hawaii.gov/session2018/bills/HB1602_HD1_.HTM
ocd-bill/7f91939e-45f2-4948-b65b-feca5eb2afc7,2018 Regular Session,HB 1602,RELATING TO OPIOIDS.,House,lower,ocd-jurisdiction/country:us/state:hi/government,,HB1602_HD1,application/pdf,https://www.capitol.hawaii.gov/session2018/bills/HB1602_HD1_.PDF
ocd-bill/02a63134-3801-4141-bf27-ffeba6861fff,20172018,SB 502,Commuter rail systems: availability of automated external defibrillators: Construction Manager/General Contractor Project delivery method: Metrolink commuter rail projects.,Senate,upper,ocd-jurisdiction/country:us/state:ca/government,2018-05-31,05/31/18 - Amended Assembly,application/pdf,https://leginfo.legislature.ca.gov/faces/billPdf.xhtml?bill_id=201720180SB502&version=20170SB50296AMD
ocd-bill/174329f7-a8c4-4c0b-9931-6c3cbbd873b5,2017,SB 61,Ltd. License/Driving to School Past 9:00.,Senate,upper,ocd-jurisdiction/country:us/state:nc/government,,Filed,application/pdf,https://www.ncleg.net/Sessions/2017/Bills/Senate/PDF/S61v0.pdf
ocd-bill/3bb31105-96c6-443c-9d39-5f85abb8c2fc,2017-2018,HSB 137,"Bill History for House Study Bill 137Journal Actions Only                     Floor Managers: Dawson, Highfill                 Lobbyist Declarations                 All Related Bills to Selected Bill                 LSB 1224XDSSB1106                 LSB 1224HVHF568                                               By  COMMITTEE ON STATE GOVERNMENT         A bill for an act relating to pari-mutuel wagering, including horse and dog racing medication requirements and the applicability of certain setoff procedures to advance deposit wagering operators. (See HF 568.)",House,lower,ocd-jurisdiction/country:us/state:ia/government,,Introduced,text/html,https://www.legis.iowa.gov/docs/publications/LGI/87/attachments/HSB137.html
ocd-bill/3bb31105-96c6-443c-9d39-5f85abb8c2fc,2017-2018,HSB 137,"Bill History for House Study Bill 137Journal Actions Only                     Floor Managers: Dawson, Highfill                 Lobbyist Declarations                 All Related Bills to Selected Bill                 LSB 1224XDSSB1106                 LSB 1224HVHF568                                               By  COMMITTEE ON STATE GOVERNMENT         A bill for an act relating to pari-mutuel wagering, including horse and dog racing medication requirements and the applicability of certain setoff procedures to advance deposit wagering operators. (See HF 568.)",House,lower,ocd-jurisdiction/country:us/state:ia/government,,Introduced,application/pdf,https://www.legis.iowa.gov/docs/publications/LGI/87/HSB137.pdf
ocd-bill/2fcb42d4-c10d-4322-afc6-b8091e520e9c,2017,SB 446,A BILL FOR AN ACT to amend the Indiana Code concerning health.,Senate,upper,ocd-jurisdiction/country:us/state:in/government,2017-01-24,Senate Bill (S),application/pdf,http://in-proxy.openstates.org/2017/bills/sb0446/versions/sb0446.02.coms
ocd-bill/9b64e985-3f17-449e-a49d-efd5c0514ded,2017,HB 1292,A BILL FOR AN ACT to amend the Indiana Code concerning motor vehicles and to make an appropriation.,House,lower,ocd-jurisdiction/country:us/state:in/government,2017-01-10,Introduced House Bill (H),application/pdf,http://in-proxy.openstates.org/2017/bills/hb1292/versions/hb1292.01.intr
ocd-bill/0e32097b-2ff7-4745-a579-fcb48d2f2101,2017A,SB 6A,Public Records/Medical Marijuana Use Registry/Physician Certification for Marijuana and Dispensing/Department of Health,Florida Senate,upper,ocd-jurisdiction/country:us/state:fl/government,,S 6A er,text/html,http://flsenate.gov/Session/Bill/2017A/6A/BillText/er/HTML
ocd-bill/dc6fd39e-1308-4daf-bbad-71ab5ba72611,128,LD 111,An Act To Establish A Veterans Treatment Court In Androscoggin County,House,lower,ocd-jurisdiction/country:us/state:me/government,,Initial Version,text/html,http://www.mainelegislature.org/legis/bills/bills_128th/billtexts/HP007901.asp
ocd-bill/dc6fd39e-1308-4daf-bbad-71ab5ba72611,128,LD 111,An Act To Establish A Veterans Treatment Court In Androscoggin County,House,lower,ocd-jurisdiction/country:us/state:me/government,,Initial Version,application/rtf,http://www.mainelegislature.org/legis/bills/bills_128th/billdocs/HP007901.rtf
ocd-bill/dc6fd39e-1308-4daf-bbad-71ab5ba72611,128,LD 111,An Act To Establish A Veterans Treatment Court In Androscoggin County,House,lower,ocd-jurisdiction/country:us/state:me/government,,Initial Version,application/pdf,http://www.mainelegislature.org/legis/bills/getPDF.asp?paper=HP0079&item=1&snum=128
ocd-bill/0317a3f4-2645-4f21-a086-dad8500cad62,128,LD 736,An Act To Create Equity In Funding Of Rural Schools,Senate,upper,ocd-jurisdiction/country:us/state:me/government,,Initial Version,text/html,http://www.mainelegislature.org/legis/bills/bills_128th/billtexts/SP024601.asp
ocd-bill/0317a3f4-2645-4f21-a086-dad8500cad62,128,LD 736,An Act To Create Equity In Funding Of Rural Schools,Senate,upper,ocd-jurisdiction/country:us/state:me/government,,Initial Version,application/rtf,http://www.mainelegislature.org/legis/bills/bills_128th/billdocs/SP024601.rtf
ocd-bill/0317a3f4-2645-4f21-a086-dad8500cad62,128,LD 736,An Act To Create Equity In Funding Of Rural Schools,Senate,upper,ocd-jurisdiction/country:us/state:me/government,,Initial Version,application/pdf,http://www.mainelegislature.org/legis/bills/getPDF.asp?paper=SP0246&item=1&snum=128
ocd-bill/6b067a42-0fa4-4e9d-93e5-28cb42852b90,2017-2018,SCR 1605,"Urging President Donald Trump to grant a full pardon to Shane Cox and Jeremy Kettler, who, as a result of federal government overreach, were unlawfully convicted of committing a crime.",Senate,upper,ocd-jurisdiction/country:us/state:ks/government,,As introduced,application/pdf,http://www.kslegislature.org/li/b2017_18/measures/documents/scr1605_00_0000.pdf
ocd-bill/b7f58ae9-d1cb-4126-8469-e4bb0f889a50,79,AB 293,Providing for presidential preference primary elections. (BDR 24-875),Assembly,lower,ocd-jurisdiction/country:us/state:nv/government,,As Introduced,application/pdf,http://www.leg.state.nv.us/Session/79th2017/Bills/AB/AB293.pdf
ocd-bill/9e52afc0-2629-4e24-9a92-248c7713392c,79,SB 283,Provides for the issuance of special license plates indicating support for the Vegas Golden Knights hockey team. (BDR 43-924),Senate,upper,ocd-jurisdiction/country:us/state:nv/government,,Bill Text,application/pdf,http://www.leg.state.nv.us/Session/79th2017/Bills/SB/SB283.pdf
ocd-bill/f05d07bf-36d5-489c-9aab-55bfb6159de6,2017-2018,K 10,Congratulating the Eastport-South Manor High School Boys Volleyball Team capturing the 2016 New York State Public High School Athletic Association Division 2 Boys Volleyball Championship,Assembly,lower,ocd-jurisdiction/country:us/state:ny/government,,K10 PDF,application/pdf,http://legislation.nysenate.gov/pdf/bills/2017/K10
ocd-bill/e93d1266-8883-4a47-8bcb-a1ff5ef509ca,2017-2018,J 1951,"Memorializing Governor Andrew M. Cuomo to proclaim May 2017, as Foster Care Month in New York State",Senate,upper,ocd-jurisdiction/country:us/state:ny/government,,J1951 HTML,text/html,http://assembly.state.ny.us/leg/?sh=printbill&bn=J1951&term=2017
ocd-bill/c398a21c-ab77-464c-a9ef-9e6314577fdf,2017RS,SR 60,Adjourn in honor and loving memory of Barkley J. Sturgill.,Senate,upper,ocd-jurisdiction/country:us/state:ky/government,,Most Recent Version,application/pdf,http://www.lrc.ky.gov/recorddocuments/bill/17RS/SR60/bill.pdf
ocd-bill/d4133754-b2eb-49d5-a7c9-3a057ae7853e,2017RS,HB 404,"AN ACT relating to commercial parcel delivery. Create a new section of KRS Chapter 189 to allow commercial delivery personnel to use golf carts, low-speed vehicles, and utility vehicles for delivery of express mail and packages in residential areas; define ""commercial delivery personnel,"" ""residential area,"" and ""utility vehicle""; outline use provisions; outline vehicle requirements; allow vehicles operating under this section to pull a trailer; allow the Transportation Cabinet to promulgate administrative regulations to implement these provisions.",House,lower,ocd-jurisdiction/country:us/state:ky/government,,HFA2,application/pdf,http://www.lrc.ky.gov/recorddocuments/bill/17RS/HB404/HFA2.pdf
ocd-bill/10349caf-0368-45a9-bb22-59fcb0502703,2017-2018,H 3463,"A BILL TO AMEND THE CODE OF LAWS OF SOUTH CAROLINA, 1976, BY ADDING SECTION 12-43-235 SO AS TO PROVIDE THAT IF PROPERTY WAS ASSESSED AS AGRICULTURAL PROPERTY OR AS FARM MACHINERY AND EQUIPMENT IN 2016, THE PROPERTY MUST CONTINUE TO BE ASSESSED WITH THE SAME ASSESSMENT RATIO UNLESS A CHANGE OF USE OCCURS.",House,lower,ocd-jurisdiction/country:us/state:sc/government,,3/22/2017,text/html,http://www.scstatehouse.gov/sess122_2017-2018/prever/3463_20170322.htm
ocd-bill/91cd956c-d248-4f1f-9c6c-04aea4fa6ff8,2017-2018,S 140,"A JOINT RESOLUTION PROPOSING AN AMENDMENT TO SECTION 7, ARTICLE VI OF THE CONSTITUTION OF SOUTH CAROLINA, 1895, AS AMENDED, RELATING TO THE CONSTITUTIONAL OFFICERS OF THIS STATE, SO AS TO DELETE THE COMMISSIONER OF AGRICULTURE FROM THE LIST OF STATE OFFICERS WHICH THE CONSTITUTION REQUIRES TO BE ELECTED AND PROVIDE THAT THE COMMISSIONER OF AGRICULTURE MUST BE APPOINTED BY THE GOVERNOR, UPON THE ADVICE AND CONSENT OF THE SENATE, FOR A TERM COTERMINOUS WITH THE GOVERNOR UPON THE EXPIRATION OF THE TERM OF THE COMMISSIONER OF AGRICULTURE SERVING IN OFFICE ON THE DATE OF THE RATIFICATION OF THIS PROVISION.",Senate,upper,ocd-jurisdiction/country:us/state:sc/government,,12/13/2016,text/html,http://www.scstatehouse.gov/sess122_2017-2018/prever/140_20161213.htm
ocd-bill/6807be3f-38fe-4a56-affb-01332d950fe6,2017-2018,HB 1982,Children; creating the Children and Juvenile Code Reform Act of 2017; effective date.,House,lower,ocd-jurisdiction/country:us/state:ok/government,,Introduced,application/pdf,http://webserver1.lsb.state.ok.us/cf_pdf/2017-18 INT/hB/HB1982 INT.PDF
ocd-bill/3202fa3e-94f8-49b5-b3c4-2a558eaab244,2017-2018,SCR 4,Concurrent resolution relating to Joint Rules for the 56th Oklahoma Legislature.,Senate,upper,ocd-jurisdiction/country:us/state:ok/government,,Floor (House),application/pdf,http://webserver1.lsb.state.ok.us/cf_pdf/2017-18 FLR/HFLR/SCR4 HFLR.PDF
ocd-bill/1d09e110-8b03-4f6c-b356-0784ab1db96d,2017,HB 1564,Task Force on Practices and Procedures on Solitary Confinement,House,lower,ocd-jurisdiction/country:us/state:md/government,,Bill Text,application/pdf,http://mgaleg.maryland.gov/2017RS/bills/hb/hb1564f.pdf
ocd-bill/e61c112d-fcde-4b79-bbef-b255a6379be1,2017,SB 743,Baltimore County - Alcoholic Beverages - Sunday Sales,Senate,upper,ocd-jurisdiction/country:us/state:md/government,,Bill Text,application/pdf,http://mgaleg.maryland.gov/2017RS/bills/sb/sb0743f.pdf
ocd-bill/845789a5-ed41-41bf-80f8-50c4ec6f7695,65,HB 1382,A BILL for an Act to provide for a legislative management study of the feasibility and desirability of developing a school choice program.,House,lower,ocd-jurisdiction/country:us/state:nd/government,,Prepared by the Legislative Council staff for Representative Owens,application/pdf,http://www.legis.nd.gov/assembly/65-2017/documents/17-0337-05001a.pdf
ocd-bill/95d8fff4-eb75-47f3-b456-1cfe13013459,65,SCR 4005,A concurrent resolution urging the Legislative Management to study the state's public transportation funding for individuals with disabilities.,Senate,upper,ocd-jurisdiction/country:us/state:nd/government,,INTRODUCED,application/pdf,http://www.legis.nd.gov/assembly/65-2017/documents/17-3001-01000.pdf
ocd-bill/8437893e-a15c-4b07-8840-e98a978b75d4,2017 Regular Session,HB 2229,Relating to instruction in financial literacy.,House,lower,ocd-jurisdiction/country:us/state:or/government,,House Amendments to Introduced,application/pdf,https://olis.leg.state.or.us/liz/2017R1/Downloads/MeasureDocument/HB2229/House Amendments to Introduced
ocd-bill/8e719e4e-cf0c-492c-8300-1bec47e768f3,2017 Regular Session,SB 144,Relating to archaeological objects.,Senate,upper,ocd-jurisdiction/country:us/state:or/government,,Senate Amendments to Introduced,application/pdf,https://olis.leg.state.or.us/liz/2017R1/Downloads/MeasureDocument/SB144/Senate Amendments to Introduced
ocd-bill/285f21b9-7e62-4ae1-b656-593e7b7ee839,2017,HB 619,Providing that an MTAB decision may not increase tax liability,House,lower,ocd-jurisdiction/country:us/state:mt/government,,Introduced,application/pdf,http://leg.mt.gov/bills/2017/BillPdf/HB0619.pdf
ocd-bill/a7918661-a153-483e-85ac-6fbf6e27e577,2017,SB 266,Revise subdivision approval time extensions,Senate,upper,ocd-jurisdiction/country:us/state:mt/government,,Introduced,application/pdf,http://leg.mt.gov/bills/2017/BillPdf/SB0266.pdf
ocd-bill/3ee1d0ab-7520-474f-9b8b-7b72c300e982,2017,SB 942,AN ACT RELATING TO INSURANCE - INSURANCE CONSUMER PROTECTION SALES ACT (Creates a system of consumer protection for regulation by DBR of noninsurance business entities in disclosing personal identifiable financial information for insurance sales.),Senate,upper,ocd-jurisdiction/country:us/state:ri/government,,942,application/pdf,http://webserver.rilin.state.ri.us/BillText/BillText17/SenateText17/S0942.pdf
ocd-bill/d5e35083-8050-4490-b118-d1dcec432493,2017,HR 6163,HOUSE RESOLUTION HONORING AND CELEBRATING THE FIFTEEN-YEAR PARTNERSHIP BETWEEN THE CHILDREN'S FRIEND ORGANIZATION AND PANERA BREAD,House of Representatives,lower,ocd-jurisdiction/country:us/state:ri/government,,6163,application/pdf,http://webserver.rilin.state.ri.us/BillText/BillText17/HouseText17/H6163.pdf
ocd-bill/d40ebee4-bc90-4613-a63a-b35f867ff921,190th,H 4682,Public health matters,House,lower,ocd-jurisdiction/country:us/state:ma/government,,Bill Text,application/pdf,https://malegislature.gov/Bills/190/H4682.pdf
ocd-bill/9658527d-a024-499a-899c-193be2c599ac,218,S 780,"""Personal Injury Trust Fund Transparency Act;"" requires plaintiff to file personal injury trust claims under certain circumstances; addresses allocation of trust claims; establishes scheduling and discovery requirements for certain tort actions.",Senate,upper,ocd-jurisdiction/country:us/state:nj/government,,Introduced Version,text/html,http://www.njleg.state.nj.us/2018/Bills/S1000/780_I1.HTM
ocd-bill/38f9cc0b-26b6-44d1-a396-591f6c38dc1e,2017-2018,SB 608,"An Act amending Title 25 (Elections) of the Pennsylvania Consolidated Statutes, in preliminary provisions, further providing for definitions; in registration system, further providing for departmental responsibilities and for SURE system; in voter registration, further providing for methods of voter registration and for application with driver's license application, providing for Commonwealth agencies and other entities and further providing for time, for preparation and distribution of applications and for approval of registration applications; and providing for privacy and security standards for voter registration in this Commonwealth.",Senate,upper,ocd-jurisdiction/country:us/state:pa/government,,Printer's No. 0773,text/html,http://www.legis.state.pa.us/CFDOCS/Legis/PN/Public/btCheck.cfm?txtType=HTM&sessYr=2017&sessInd=0&billBody=S&billTyp=B&billNbr=0608&pn=0773
ocd-bill/38f9cc0b-26b6-44d1-a396-591f6c38dc1e,2017-2018,SB 608,"An Act amending Title 25 (Elections) of the Pennsylvania Consolidated Statutes, in preliminary provisions, further providing for definitions; in registration system, further providing for departmental responsibilities and for SURE system; in voter registration, further providing for methods of voter registration and for application with driver's license application, providing for Commonwealth agencies and other entities and further providing for time, for preparation and distribution of applications and for approval of registration applications; and providing for privacy and security standards for voter registration in this Commonwealth.",Senate,upper,ocd-jurisdiction/country:us/state:pa/government,,Printer's No. 0773,application/pdf,http://www.legis.state.pa.us/CFDOCS/Legis/PN/Public/btCheck.cfm?txtType=PDF&sessYr=2017&sessInd=0&billBody=S&billTyp=B&billNbr=0608&pn=0773
ocd-bill/38f9cc0b-26b6-44d1-a396-591f6c38dc1e,2017-2018,SB 608,"An Act amending Title 25 (Elections) of the Pennsylvania Consolidated Statutes, in preliminary provisions, further providing for definitions; in registration system, further providing for departmental responsibilities and for SURE system; in voter registration, further providing for methods of voter registration and for application with driver's license application, providing for Commonwealth agencies and other entities and further providing for time, for preparation and distribution of applications and for approval of registration applications; and providing for privacy and security standards for voter registration in this Commonwealth.",Senate,upper,ocd-jurisdiction/country:us/state:pa/government,,Printer's No. 0773,application/msword,http://www.legis.state.pa.us/CFDOCS/Legis/PN/Public/btCheck.cfm?txtType=DOC&sessYr=2017&sessInd=0&billBody=S&billTyp=B&billNbr=0608&pn=0773
ocd-bill/a058c018-ea0d-431d-ae0a-76b1057b26a4,2017-2018,HR 424,"A Resolution designating June 28, 2017, as ""Amusement Park Day"" in Pennsylvania to honor amusement parks and family theme parks in this Commonwealth.",House,lower,ocd-jurisdiction/country:us/state:pa/government,,Printer's No. 2130,text/html,http://www.legis.state.pa.us/CFDOCS/Legis/PN/Public/btCheck.cfm?txtType=HTM&sessYr=2017&sessInd=0&billBody=H&billTyp=R&billNbr=0424&pn=2130
ocd-bill/a058c018-ea0d-431d-ae0a-76b1057b26a4,2017-2018,HR 424,"A Resolution designating June 28, 2017, as ""Amusement Park Day"" in Pennsylvania to honor amusement parks and family theme parks in this Commonwealth.",House,lower,ocd-jurisdiction/country:us/state:pa/government,,Printer's No. 2130,application/pdf,http://www.legis.state.pa.us/CFDOCS/Legis/PN/Public/btCheck.cfm?txtType=PDF&sessYr=2017&sessInd=0&billBody=H&billTyp=R&billNbr=0424&pn=2130
ocd-bill/a058c018-ea0d-431d-ae0a-76b1057b26a4,2017-2018,HR 424,"A Resolution designating June 28, 2017, as ""Amusement Park Day"" in Pennsylvania to honor amusement parks and family theme parks in this Commonwealth.",House,lower,ocd-jurisdiction/country:us/state:pa/government,,Printer's No. 2130,application/msword,http://www.legis.state.pa.us/CFDOCS/Legis/PN/Public/btCheck.cfm?txtType=DOC&sessYr=2017&sessInd=0&billBody=H&billTyp=R&billNbr=0424&pn=2130
ocd-bill/4ff5c4f7-4aaf-45f4-a281-b70037a65c3d,2018,HB 389,Appropriation; Hinds County to fund county Community-Based Placement for At-Risk Children Pilot Program.,House,lower,ocd-jurisdiction/country:us/state:ms/government,,Current version,text/html,http://billstatus.ls.state.ms.us/documents/2018/html/HB/0300-0399/HB0389IN.htm
ocd-bill/46337138-d622-4821-9253-bc4679bdb674,2018,HB 184,DWI:  Provides relative to costs assessed for violations of driving while intoxicated,House,lower,ocd-jurisdiction/country:us/state:la/government,,HB184 Enrolled,application/pdf,http://www.legis.la.gov/Legis/ViewDocument.aspx?d=1094610
ocd-bill/84e8faac-7787-44d1-b5a2-2c50213bbfaa,110,SB 1095,"Salaries and Benefits - As introduced, raises the minimum wage paid to tipped employees from $2.13 to $2.50 per hour; authorizes an employer to take a tip credit toward its minimum wage obligations up to the amount permitted by federal law. - Amends TCA Title 50, Chapter 2.",Senate,upper,ocd-jurisdiction/country:us/state:tn/government,,Current Version,application/pdf,http://www.capitol.tn.gov/Bills/110/Bill/SB1095.pdf
ocd-bill/12450a5b-6276-4240-82fb-369b56646208,2017,HB 2178,"FOIA; proprietary records and trade secrets, charitable gaming supplies.",House,lower,ocd-jurisdiction/country:us/state:va/government,2017-01-11,House: Prefiled and ordered printed; offered 01/11/17 17103811D,text/html,http://lis.virginia.gov/cgi-bin/legp604.exe?171+ful+HB2178
ocd-bill/8ee4dc35-2dfc-4b13-844d-7de78af146b3,2017,SF 3,Select water committee review of projects.,Senate,upper,ocd-jurisdiction/country:us/state:wy/government,,Engrossed,application/pdf,http://legisweb.state.wy.us/2017/Engross/SF0003.pdf
ocd-bill/12c1281f-062b-415e-84c2-9e7308c55af7,2017,HB 126,Elementary school foreign language requirement.,House,lower,ocd-jurisdiction/country:us/state:wy/government,,HEA0102,application/pdf,http://legisweb.state.wy.us/2017/Enroll/HB0126.pdf
ocd-bill/89a30c30-442e-493a-8542-5e089bdb59f0,January 2017 Special Session,AB 8,Relating to: creating additional opioid treatment programs and making an appropriation. (FE),Assembly,lower,ocd-jurisdiction/country:us/state:wi/government,,Bill Text,text/html,http://docs.legis.wisconsin.gov/document/proposaltext/2017/JR7/AB8
ocd-bill/89a30c30-442e-493a-8542-5e089bdb59f0,January 2017 Special Session,AB 8,Relating to: creating additional opioid treatment programs and making an appropriation. (FE),Assembly,lower,ocd-jurisdiction/country:us/state:wi/government,,Bill Text,application/pdf,http://docs.legis.wisconsin.gov/document/proposaltext/2017/JR7/AB8.pdf
ocd-bill/b8414f30-d020-47d0-b4e2-4d4d51cd5080,2018,SB 188,ADD CRIMES FOR CRIME VICTIM FUND PAYMENT,Senate,upper,ocd-jurisdiction/country:us/state:nm/government,,introduced version,text/html,http://www.nmlegis.gov/Sessions/18%20Regular/bills/senate/SB0188.HTML
ocd-bill/b8414f30-d020-47d0-b4e2-4d4d51cd5080,2018,SB 188,ADD CRIMES FOR CRIME VICTIM FUND PAYMENT,Senate,upper,ocd-jurisdiction/country:us/state:nm/government,,introduced version,application/pdf,http://www.nmlegis.gov/Sessions/18%20Regular/bills/senate/SB0188.PDF
ocd-bill/01bee0f7-077a-4268-9dd1-c8c7e827a1ff,2018,SB 549,MOTOR VEHICLES:  Provides for military surplus motor vehicles. (8/1/18),Senate,upper,ocd-jurisdiction/country:us/state:la/government,,SB549 Original,application/pdf,http://www.legis.la.gov/Legis/ViewDocument.aspx?d=1082360
ocd-bill/a1c9c9af-a267-4a09-8b4a-15204de40e83,851,SB 18,Relating to a limit on local government expenditures.,Senate,upper,ocd-jurisdiction/country:us/state:tx/government,,Senate Committee Report,text/html,ftp://ftp.legis.state.tx.us/bills/851/billtext/html/senate_bills/SB00001_SB00099/SB00018S.htm
ocd-bill/572ce2eb-8f16-482f-8c93-f11e61e9b82d,2018,SB 1074,Enacts provisions relating to health care for persons with disabilities,Senate,upper,ocd-jurisdiction/country:us/state:mo/government,,Introduced,application/pdf,http://www.senate.mo.gov/18info/pdf-bill/intro/SB1074.pdf
ocd-bill/1d724f6e-f840-43aa-b18a-7f7b3249a255,2018 Regular Session,HB 4124,Relating to remanded land use decisions; and declaring an emergency.,House,lower,ocd-jurisdiction/country:us/state:or/government,,Introduced,application/pdf,https://olis.leg.state.or.us/liz/2018R1/Downloads/MeasureDocument/HB4124/Introduced
ocd-bill/9a654386-5ddd-4fee-a425-f03aac60a6cc,2018,SB 946,Auditor of Public Accounts; eliminates requirement that the Auditor audit certain entities annually.,Senate,upper,ocd-jurisdiction/country:us/state:va/government,2018-01-19,Senate: Presented and ordered printed 18104017D,text/html,http://lis.virginia.gov/cgi-bin/legp604.exe?181+ful+SB946
ocd-bill/6ea9f7f3-32ff-40a0-94b0-abe7ae831f0f,2018,HB 976,Felony conviction; compensation for wrongful incarceration.,House,lower,ocd-jurisdiction/country:us/state:va/government,2018-02-28,House: Bill text as passed House and Senate (HB976ER),text/html,http://lis.virginia.gov/cgi-bin/legp604.exe?181+ful+HB976ER
ocd-bill/e5158ad7-a967-47ea-947b-1d9c1c124ac5,2017-2018,SB 5292,"Concerning government efficiency by eliminating, revising or decodifying obsolete or inactive statutory provisions that concern the office of financial management.",Senate,upper,ocd-jurisdiction/country:us/state:wa/government,,Bill,text/html,http://lawfilesext.leg.wa.gov/Biennium/2017-18/Htm/Bills/Senate%20Bills/5292.htm
ocd-bill/207a862b-42f2-4c62-b358-ba8c768d51a7,30,HB 4,An Act relating to military facility zones.,House,lower,ocd-jurisdiction/country:us/state:ak/government,,HB0004A,text/html,http://www.legis.state.ak.us/basis/get_bill_text.asp?hsid=HB0004A&session=30
ocd-bill/baa623ed-a518-4621-8860-96bdc1ab8576,2017,H.B. 72,Child Welfare Proceedings Amendments,House,lower,ocd-jurisdiction/country:us/state:ut/government,,Introduced,application/pdf,http://le.utah.gov/~2017/bills/hbillint/HB0072.pdf
ocd-bill/9eb4c8e7-7af0-4989-9dca-97e51d749046,218,A 3982,Makes it a crime of the second degree to interfere with 9-1-1 public safety answering points. ,Assembly,lower,ocd-jurisdiction/country:us/state:nj/government,,Introduced Version,text/html,http://www.njleg.state.nj.us/2018/Bills/A4000/3982_I1.HTM
ocd-bill/539cc054-6d77-4c25-be05-c2f0f95899b6,20171S,SB 1010,Relating to Volunteer Fire Department Workers' Compensation Premium Subsidy Fund,Senate,upper,ocd-jurisdiction/country:us/state:wv/government,,Enrolled Version,text/html,http://www.legis.state.wv.us/Bill_Status/bills_text.cfm?billdoc=sb1010%20enr.htm&yr=2017&sesstype=1X&i=1010
ocd-bill/b656226f-e904-47f0-8993-24925836747e,2017-2020,PS 927,"Para enmendar las Secciones 1(d) y 11(a) y (b); y añadir una nueva Sección 11(c) a la Ley Núm. 21 de 20 de mayo de 1987, según enmendada, conocida comúnmente como la “Ley de Control de Acceso”, a los fines de que el Consejo, Asociación o Junta de Residentes de urbanizaciones y comunidades puedan velar por la administración del sistema de control de acceso y puedan establecer asociaciones recreativas, siempre y cuando cumplan con la Ley y reglamentación aplicable; para que el Consejo, Asociación o Junta de Residentes puedan cobrar mediante cuotas los gastos razonables de obras que propendan la seguridad de las comunidades y a la comunicación e interacción de los vecinos para una sana convivencia comunitaria; para clasificar las obras a ser sufragadas mediante aportaciones económicas de los residentes en extraordinarias, urgentes o de mejora; para establecer que previo a cualquier reclamación judicial o reclamación ante un foro administrativo con jurisdicción concurrente, un propietario deberá acudir al Consejo de Conciliación para impugnar la implantación o modificación de cuotas; para establecer que previo a cualquier reclamación judicial el Consejo, Asociación o Junta de Residentes podrá someter el asunto ante el Comité de Conciliación; para concederle al Departamento de Asuntos del Consumidor (DACO) jurisdicción concurrente para dirimir controversias sobre reclamaciones o impugnaciones de cuotas por parte de los propietarios; fomentar mayor transparencia y rendición de cuentas financieras por parte del Consejo, Asociación o Junta de Residentes; y para otros fines relacionados.",Senate,upper,ocd-jurisdiction/country:us/territory:pr/government,,Radicado,application/vnd.openxmlformats-officedocument.wordprocessingml.document,http://www.oslpr.org/2017-2020/{9c0bac842be441fc8a8f7f3bbea15dde}.docx
ocd-bill/a57595f9-3032-43fa-8ad9-66db6ca6ef3a,20172018,SB 30,Insurance: climate change.,Senate,upper,ocd-jurisdiction/country:us/state:ca/government,,SB30,text/html,http://leginfo.legislature.ca.gov/faces/billNavClient.xhtml?bill_id=201720180SB30
ocd-bill/9ddcb797-3062-4847-a707-2070543df966,2017-2020,PS 330,"“Para enmendar la sección 2 de la Ley Número 3 de 13 de marzo de 1942, según enmendada, conocida como ""Ley para proteger a las Madres Obreras"" a los fines de ampliar el período de descanso de las trabajadoras en estado grávido.",Senate,upper,ocd-jurisdiction/country:us/territory:pr/government,,Radicado,application/msword,http://www.oslpr.org/2017-2020/{49ff0a0b-521d-4812-9d66-bcd51632bf89}.doc
ocd-bill/9c470370-fa1a-4c7b-9e82-569888ae0793,2017-2020,PS 1,"Para autorizar la creación de una corporación sin fines de lucro la cual adoptará el concepto “Enterprise Puerto Rico”, a los fines de promover el desarrollo económico de Puerto Rico, utilizando la pericia de los sectores público y privado en colaboración con el Departamento de Desarrollo Económico y Comercio de Puerto Rico; establecer su organización, deberes, funciones y facultades; derogar la Ley 201-2014, conocida como “Ley para crear la Junta de Comercio Exterior del Gobierno del Estado Libre Asociado de Puerto Rico”; y para otros fines relacionados.",Senate,upper,ocd-jurisdiction/country:us/territory:pr/government,,Radicado,application/pdf,http://www.oslpr.org/2017-2020/{d10cff8f-cb65-4269-9604-f6a62d8fba8f}.pdf
ocd-bill/9147c036-262a-41e7-aa2f-e4c17be0bf9c,2018specialI,HR 603,Commending Claude LeGrand.,House,lower,ocd-jurisdiction/country:us/state:va/government,2018-05-30,House: Bill text as passed House (HR603ER),text/html,http://lis.virginia.gov/cgi-bin/legp604.exe?182+ful+HR603ER
ocd-bill/61812ea9-b357-4528-80b1-e53271d7fd71,132,SB 35,Enhance earned income tax credit,Senate,upper,ocd-jurisdiction/country:us/state:oh/government,,As Introduced,application/pdf,http://search-prod.lis.state.oh.us/solarapi/v1/general_assembly_132/bills/sb35/IN/00?format=pdf
ocd-bill/84621661-2da6-4e9d-ad66-bde9e5fdbbab,2018,HB 2692,Modifies provision for closed meetings of governmental bodies.,House,lower,ocd-jurisdiction/country:us/state:mo/government,,Introduced,application/pdf,http://www.house.mo.gov/billtracking/bills181/hlrbillspdf/6666H.01I.pdf
ocd-bill/5232ec72-9f07-492b-8f8f-589e92ec4d1d,2017,SB 59,relative to blood testing orders.,Senate,upper,ocd-jurisdiction/country:us/state:nh/government,,Amendment #2017-2360e,application/pdf,http://www.gencourt.state.nh.us/bill_status/billText.aspx?sy=2017&id=2017-2360e&txtFormat=amend
ocd-bill/09d4ce34-c783-4e29-b3a2-df7739317504,2017,HB 7,Changes the laws regarding abortion,House,lower,ocd-jurisdiction/country:us/state:mo/government,,Amendment 2507H01.01H (Distributed),application/pdf,http://www.house.mo.gov/billtracking/bills174/amendpdf/2507H01.01H.pdf
ocd-bill/7497d62f-79ab-46be-b0d3-88840e3afbb9,2017 Regular Session,SB 460,"Relating to: providing loans, loan guarantees, tax benefits, and procurement preferences to employee-owned companies, establishing a center for employee ownership in the University of Wisconsin System, and granting rule-making authority. (FE)",Senate,upper,ocd-jurisdiction/country:us/state:wi/government,,Bill Text,text/html,http://docs.legis.wisconsin.gov/document/proposaltext/2017/REG/SB460
ocd-bill/7497d62f-79ab-46be-b0d3-88840e3afbb9,2017 Regular Session,SB 460,"Relating to: providing loans, loan guarantees, tax benefits, and procurement preferences to employee-owned companies, establishing a center for employee ownership in the University of Wisconsin System, and granting rule-making authority. (FE)",Senate,upper,ocd-jurisdiction/country:us/state:wi/government,,Bill Text,application/pdf,http://docs.legis.wisconsin.gov/document/proposaltext/2017/REG/SB460.pdf
ocd-bill/e7edb839-3204-4a4f-8c22-5e60d1157c54,2018A,HJR 18-1018,Honoring Gold Star Families,House,lower,ocd-jurisdiction/country:us/state:co/government,,Engrossed (05/04/2018),application/pdf,http://leg.colorado.gov/sites/default/files/documents/2018A/bills/2018a_hjr1018_en2.pdf
ocd-bill/993b0326-19b8-44bc-8f38-187ffa9f63e3,2018 Regular Session,SCR 94,URGING FARMERS IN THE STATE TO EXAMINE ISRAEL'S AGRICULTURAL TECHNOLOGIES FOR TECHNIQUES AND IDEAS THAT CAN BE IMPLEMENTED IN THE STATE TO INCREASE THE LOCAL FOOD PRODUCTION.,Senate,upper,ocd-jurisdiction/country:us/state:hi/government,,SCR94,text/html,https://www.capitol.hawaii.gov/session2018/bills/SCR94_.HTM
ocd-bill/993b0326-19b8-44bc-8f38-187ffa9f63e3,2018 Regular Session,SCR 94,URGING FARMERS IN THE STATE TO EXAMINE ISRAEL'S AGRICULTURAL TECHNOLOGIES FOR TECHNIQUES AND IDEAS THAT CAN BE IMPLEMENTED IN THE STATE TO INCREASE THE LOCAL FOOD PRODUCTION.,Senate,upper,ocd-jurisdiction/country:us/state:hi/government,,SCR94,application/pdf,https://www.capitol.hawaii.gov/session2018/bills/SCR94_.PDF
ocd-bill/6cee97e4-0beb-44cf-99e9-7bd5cc3984dc,149,HB 132,AN ACT TO AMEND TITLE 21 OF THE DELAWARE CODE RELATING TO THE IGNITION INTERLOCK DEVICE.,Senate,upper,ocd-jurisdiction/country:us/state:de/government,,Bill Text,application/pdf,https://legis.delaware.gov/json/BillDetail/GetPdfDocument?fileAttachmentId=62515
ocd-bill/c36e46d2-f082-4da5-9a67-11a915cb5e2b,2017 Regular Session,HB 517,RELATING TO LAND USE.,House,lower,ocd-jurisdiction/country:us/state:hi/government,,HB517,text/html,https://www.capitol.hawaii.gov/session2017/bills/HB517_.HTM
ocd-bill/c36e46d2-f082-4da5-9a67-11a915cb5e2b,2017 Regular Session,HB 517,RELATING TO LAND USE.,House,lower,ocd-jurisdiction/country:us/state:hi/government,,HB517,application/pdf,https://www.capitol.hawaii.gov/session2017/bills/HB517_.PDF
ocd-bill/ee94fff4-a4d0-41a7-aabe-407b632a8ce8,2017 Regular Session,SB 683,PROPOSING AMENDMENTS TO ARTICLES VII AND X OF THE CONSTITUTION OF THE STATE OF HAWAII TO AUTHORIZE THE LEGISLATURE TO ESTABLISH A SURCHARGE ON RESIDENTIAL INVESTMENT PROPERTY AND VISITOR ACCOMMODATIONS TO INCREASE FUNDING FOR PUBLIC EDUCATION.,Senate,upper,ocd-jurisdiction/country:us/state:hi/government,,SB683,text/html,https://www.capitol.hawaii.gov/session2017/bills/SB683_.HTM
ocd-bill/ee94fff4-a4d0-41a7-aabe-407b632a8ce8,2017 Regular Session,SB 683,PROPOSING AMENDMENTS TO ARTICLES VII AND X OF THE CONSTITUTION OF THE STATE OF HAWAII TO AUTHORIZE THE LEGISLATURE TO ESTABLISH A SURCHARGE ON RESIDENTIAL INVESTMENT PROPERTY AND VISITOR ACCOMMODATIONS TO INCREASE FUNDING FOR PUBLIC EDUCATION.,Senate,upper,ocd-jurisdiction/country:us/state:hi/government,,SB683,application/pdf,https://www.capitol.hawaii.gov/session2017/bills/SB683_.PDF
ocd-bill/e0917c3d-5d8b-4c42-baa5-0bb316dbfed8,100th,HB 5954,PEN CD-TRS-SUBSTITUTE TEACHERS,Illinois House of Representatives,lower,ocd-jurisdiction/country:us/state:il/government,,Introduced,text/html,http://ilga.gov/legislation/fulltext.asp?DocName=10000HB5954&GA=100&SessionId=91&DocTypeId=HB&LegID=113240&DocNum=5954&GAID=14&Session=&print=true
ocd-bill/fa562bca-4ac1-4bca-b92c-d150fce3e8ac,2018,SB 504,relative to sales of tax-deeded property.,Senate,upper,ocd-jurisdiction/country:us/state:nh/government,,Amendment #2018-0525s,application/pdf,http://www.gencourt.state.nh.us/bill_status/billText.aspx?sy=2018&id=2018-0525s&txtFormat=amend
ocd-bill/3d2fae99-3993-457e-93e9-4f0b05e9f016,2018,HB 1647,relative to inclusion of energy storage in distributed energy resources for electricity transmission and distribution.,House,lower,ocd-jurisdiction/country:us/state:nh/government,,Amendment #2018-0614h,application/pdf,http://www.gencourt.state.nh.us/bill_status/billText.aspx?sy=2018&id=2018-0614h&txtFormat=amend
ocd-bill/90d62145-37ee-49bd-8079-a148a8b489e0,2018,HB 1484,relative to late fees in manufactured housing parks.,House,lower,ocd-jurisdiction/country:us/state:nh/government,,latest version,text/html,http://www.gencourt.state.nh.us/bill_status/billText.aspx?sy=2018&id=1487&txtFormat=html
ocd-bill/657b50b6-54d7-411d-a4a3-98010c72d975,2018 2nd Extraordinary Session,HB 13,TAX/CORP INCOME:  Reduces the amount of certain corporate income tax deductions and provides for continued effectiveness of reductions to certain corporate income tax deductions and exclusions (Item #16) (EN NO IMPACT GF RV See Note),House,lower,ocd-jurisdiction/country:us/state:la/government,,"House Floor Legislative Bureau Amendment, #97, Pierre, Adopted",application/pdf,http://www.legis.la.gov/Legis/ViewDocument.aspx?d=1101257
ocd-bill/7e531b5c-943a-49f6-8f44-383a0e428b44,53rd-2nd-regular,SB 1176,consular identification cards; prohibition; repeal,Senate,upper,ocd-jurisdiction/country:us/state:az/government,,Introduced Version,text/html,https://www.azleg.gov/legtext/53leg/2R/bills/SB1176P.htm
ocd-bill/a79b09df-d3cf-4bf6-9504-46e01c483ac3,2018,HB 4140,Transferring of certain powers and programs of the West Virginia Affordable Housing Trust Fund to the West Virginia Housing Development Fund,House,lower,ocd-jurisdiction/country:us/state:wv/government,,Introduced Version,text/html,http://www.legis.state.wv.us/Bill_Status/bills_text.cfm?billdoc=hb4140%20intr.htm&yr=2018&sesstype=RS&i=4140
ocd-bill/aa8862d6-7137-4c55-a4e5-cdfb656de7c2,2018,SJR 2,Fair and Simple Tax Reform or FASTR Amendment,Senate,upper,ocd-jurisdiction/country:us/state:wv/government,,Introduced Version,text/html,http://www.legis.state.wv.us/Bill_Status/bills_text.cfm?billdoc=SJR2%20INTR.htm&yr=2018&sesstype=RS&i=2&houseorig=s&billtype=jr
ocd-bill/99613249-244c-4dfc-8601-a0a0fff242e1,2018RS,HB 130,"AN ACT relating to administrative regulations. Create a new section of KRS 13A.290 to 13A.335 to require the staff of the Administrative Regulation Review Subcommittee to submit to that committee's co-chairs an annual report on administrative regulations found deficient by a legislative committee; list the information that is necessary to complete the report; include prominent text on the first page of the report outlining potential legislative options; amend KRS 13A.290, 13A.330, and 13A.331 to allow a committee to take action on an administrative regulation within 60 days of LRC referral.",House,lower,ocd-jurisdiction/country:us/state:ky/government,,Most Recent Version,application/pdf,http://www.lrc.ky.gov/recorddocuments/bill/18RS/HB130/bill.pdf
ocd-bill/18c578c3-6a6b-4a5c-9954-200fe38c04dd,2018,HB 78,Omnibus water bill-construction.,House,lower,ocd-jurisdiction/country:us/state:wy/government,,Amendment HB0078SS001 (Standing Committee) - SAgriculture (Divided),application/pdf,http://wyoleg.gov/2018/Amends/HB0078SS001.pdf
ocd-bill/de5d9cb8-1dcd-436e-a14b-3eca55217b07,2018,SB 2700,Economic Development and Infrastructure Fund; require deposit into of certain funds from a bond sinking fund not needed for debt service.,Senate,upper,ocd-jurisdiction/country:us/state:ms/government,,Current version,text/html,http://billstatus.ls.state.ms.us/documents/2018/html/SB/2700-2799/SB2700IN.htm
ocd-bill/98573ae9-e440-46c5-b1a5-90a79cc49e26,2017-2018,HF 354,Waiver dispute process established for waiver requests requested by health carriers or provider organizations on provider geographic accessibility requirements.,Minnesota House of Representatives,lower,ocd-jurisdiction/country:us/state:mn/government,,Introduction,text/html,https://www.revisor.mn.gov/bills/text.php?number=HF354&version=0&session=ls90&session_year=2017&session_number=0
ocd-bill/2803da4a-781d-4bf6-afa1-657b27f07d8d,2018,SB 336,A BILL FOR AN ACT to amend the Indiana Code concerning criminal law and procedure.,Senate,upper,ocd-jurisdiction/country:us/state:in/government,2018-01-04,Introduced Senate Bill (S),application/pdf,http://in-proxy.openstates.org/2018/bills/sb0336/versions/sb0336.01.intr
ocd-bill/56af7dab-d1cb-4302-ba60-b3edf5dae2a0,2018,HB 1219,A BILL FOR AN ACT to amend the Indiana Code concerning environmental law.,House,lower,ocd-jurisdiction/country:us/state:in/government,2018-01-09,Introduced House Bill (H),application/pdf,http://in-proxy.openstates.org/2018/bills/hb1219/versions/hb1219.01.intr
ocd-bill/f0f683cd-34b8-47d5-a97b-5bdbc91ed4b2,2018,HB 56,PARENTAL NOTIFICATION OF ABORTION ACT,House,lower,ocd-jurisdiction/country:us/state:nm/government,,introduced version,text/html,http://www.nmlegis.gov/Sessions/18%20Regular/bills/house/HB0056.HTML
ocd-bill/f0f683cd-34b8-47d5-a97b-5bdbc91ed4b2,2018,HB 56,PARENTAL NOTIFICATION OF ABORTION ACT,House,lower,ocd-jurisdiction/country:us/state:nm/government,,introduced version,application/pdf,http://www.nmlegis.gov/Sessions/18%20Regular/bills/house/HB0056.PDF
ocd-bill/5e7e61f7-913f-4bb2-94b6-8847bbb37e27,2018,SB 2148,AN ACT RELATING TO CRIMINAL OFFENSES - WEAPONS (Allows those persons with concealed carry permits issued by other states to carry upon their person weapons in Rhode Island provided that the issuing state recognizes and gives reciprocity to RI permit holders.),Senate,upper,ocd-jurisdiction/country:us/state:ri/government,,2148,application/pdf,http://webserver.rilin.state.ri.us/BillText/BillText18/SenateText18/S2148.pdf
ocd-bill/ed9aeb18-21c6-44f0-9793-222c4589f30d,100th,SB 3561,BLDG COMMISSION-DESIGN-BUILD,Illinois Senate,upper,ocd-jurisdiction/country:us/state:il/government,,Engrossed,text/html,http://ilga.gov/legislation/fulltext.asp?DocName=10000SB3561eng&GA=100&SessionId=91&DocTypeId=SB&LegID=111715&DocNum=3561&GAID=14&Session=&print=true
ocd-bill/c0fd59da-9021-4558-b83b-fd39ba7ed1b4,2017-2018,HB 2592,"Requiring that certain client assessment, referral and evaluation program services are provided by area agencies on aging for two years.",House,lower,ocd-jurisdiction/country:us/state:ks/government,,As introduced,application/pdf,http://www.kslegislature.org/li/b2017_18/measures/documents/hb2592_00_0000.pdf
ocd-bill/031c19ba-161e-4f0f-aba0-bb90251f7248,2018rs,SB 269,"Sex education, public K-12 school, content and course materials revised, Sec. 16-40A-2 am'd.",Senate,upper,ocd-jurisdiction/country:us/state:al/government,,Introduced,application/pdf,http://alisondb.legislature.state.al.us/ALISON/SearchableInstruments/2018rs/PrintFiles/SB269-int.pdf
ocd-bill/a7a9c930-2a9e-4553-aed2-a044ff952fc5,2018,HB 5307,AN ACT CONCERNING SPORTS WAGERING IN THE STATE.,House,lower,ocd-jurisdiction/country:us/state:ct/government,,R01,text/html,ftp://ftp.cga.ct.gov/2018/tob/h/2018HB-05307-R01-HB.htm
ocd-bill/3bbbef42-a517-4fac-b424-458dc1302951,2018,H.B. 222,H.B. 222 Peace Officer Amendments,House,lower,ocd-jurisdiction/country:us/state:ut/government,,Enrolled,application/pdf,http://le.utah.gov/~2018/bills/hbillenr/HB0222.pdf
ocd-bill/3b20de3a-b772-434d-9fcc-7c9987e83d30,30,SB 179,"An Act relating to the athletic commission and the commissioner of athletics; and relating to boxing, sparring, and wrestling contests, matches, and exhibitions.",Senate,upper,ocd-jurisdiction/country:us/state:ak/government,,SB0179A,text/html,http://www.legis.state.ak.us/basis/get_bill_text.asp?hsid=SB0179A&session=30
ocd-bill/74b1c982-2b71-45bc-aae4-aed869a55eeb,2018S2,H.B. 2001,Utah Inland Port Authority Amendments,House,lower,ocd-jurisdiction/country:us/state:ut/government,,Amended,application/pdf,http://le.utah.gov/~2018S2/bills/hbillamd/HB2001.pdf
ocd-bill/c6a468b7-6c17-4e17-b282-6487710e5b69,2018rs,HJR 298,"Clements, Hayden; Cline, Tyler and Reed, Andy, nominee for the 2018 Alabama Legislative Medal of Honor for Law Enforcement, commended",House,lower,ocd-jurisdiction/country:us/state:al/government,,Enrolled,application/pdf,http://alisondb.legislature.state.al.us/ALISON/SearchableInstruments/2018rs/PrintFiles/HJR298-enr.pdf
ocd-bill/a7b2e7e8-2313-405d-bb61-fb46df756167,2018 1st Extraordinary Session,HB 28,"TAX:  Increases the tax on certain telecommunication devices and services and levies a tax on prepaid mobile devices and prepaid mobile device cards (Item #10) (EG +$11,700,000 SD RV See Note)",House,lower,ocd-jurisdiction/country:us/state:la/government,,"House Floor Legislative Bureau Amendment, #88, Pierre, Proposed",application/pdf,http://www.legis.la.gov/Legis/ViewDocument.aspx?d=1065893
ocd-bill/5cd796f6-1fce-4e7d-91c2-712b0883c3ec,2018,SB 300,AN ACT CONCERNING COLLABORATIVE ARRANGEMENTS BETWEEN PHYSICIAN ASSISTANTS AND PHYSICIANS.,Senate,upper,ocd-jurisdiction/country:us/state:ct/government,,R00,text/html,ftp://ftp.cga.ct.gov/2018/tob/s/2018SB-00300-R00-SB.htm
ocd-bill/ec65b6f9-a5fe-4710-aa82-6752cc9f2696,2018,H 645,"APPROPRIATIONS – OFFICE OF DRUG POLICY – Appropriates $4,823,500 to the Office of Drug Policy for fiscal year 2019; and limits the number of authorized full-time equivalent positions to 6.00.",House,lower,ocd-jurisdiction/country:us/state:id/government,,Bill Text,application/pdf,http://legislature.idaho.gov/wp-content/uploads/sessioninfo/2018/legislation/H0645.pdf
ocd-bill/60d73c71-0c8b-4d83-8783-bf239f6fb216,2018 2nd Extraordinary Session,SCR 10,CONDOLENCES:  Expresses condolences on the death of Judge Clare Jupiter.,Senate,upper,ocd-jurisdiction/country:us/state:la/government,,SCR10 Enrolled,application/pdf,http://www.legis.la.gov/Legis/ViewDocument.aspx?d=1101777
ocd-bill/581e09bf-4ed7-439e-99d3-2107633f739f,2018,S.B. 139,Public-private Partnership Amendments,Senate,upper,ocd-jurisdiction/country:us/state:ut/government,,Enrolled,application/pdf,http://le.utah.gov/~2018/bills/sbillenr/SB0139.pdf
ocd-bill/f804f09d-a380-4014-8055-36ada732eddd,149,SB 85,AN ACT TO AMEND TITLE 14 OF THE DELAWARE CODE RELATING TO THE LAWFUL AUTHORITY OF TEACHERS OVER PUPILS.,Senate,upper,ocd-jurisdiction/country:us/state:de/government,,Bill Text,text/html,https://legis.delaware.gov/json/BillDetail/GenerateHtmlDocument?legislationId=26457&legislationTypeId=6&docTypeId=2&legislationName=SS1
ocd-bill/81fcb72a-5985-432e-8079-393e27250320,2018,HB 1176,revise certain provisions regarding campaign finance disclosure reports.,House,lower,ocd-jurisdiction/country:us/state:sd/government,,House State Affairs,text/html,https://sdlegislature.gov/Legislative_Session/Bills/Bill.aspx?File=HB1176HST.htm&Session=2018&Version=House State Affairs&Bill=1176
ocd-bill/f8d02c53-e012-4f68-866e-7db7607bf138,2017E3,SR 1,Senate Rules - 2018 3rd Extra Session.,Senate,upper,ocd-jurisdiction/country:us/state:nc/government,,Adopted,application/pdf,https://www.ncleg.net/Sessions/2017E3/Bills/Senate/PDF/S1v2.pdf
ocd-bill/3c931901-f024-4e9b-a96a-12e3c176901f,86,HB 360,Relating to the extension of the expiration date of the Property Redevelopment and Tax Abatement Act.,House,lower,ocd-jurisdiction/country:us/state:tx/government,,Introduced,text/html,ftp://ftp.legis.state.tx.us/bills/86R/billtext/html/house_bills/HB00300_HB00399/HB00360I.htm
ocd-bill/a1dd40cd-23db-4edd-9c1f-93f0de48cfef,20171E,SB 2001,Deposit of state agency special funds into the State General Fund; make technical amendments.,Senate,upper,ocd-jurisdiction/country:us/state:ms/government,,As Introduced,text/html,http://billstatus.ls.state.ms.us/documents/20171E/html/SB/2001-2099/SB2001IN.htm
ocd-bill/b9be60f8-1a87-4774-8f18-42b54a0bda2a,2017,S.B. 58,S.B. 58 Uniform Voidable Transactions Act,Senate,upper,ocd-jurisdiction/country:us/state:ut/government,,Introduced,application/pdf,http://le.utah.gov/~2017/bills/sbillint/SB0058S01.pdf
ocd-bill/6e4d4b2d-948a-4837-86c4-a33898205089,2017,HB 531,increasing the minimum gross business income required for filing a business profits tax return.,House,lower,ocd-jurisdiction/country:us/state:nh/government,,Amendment #2017-0193h,application/pdf,http://www.gencourt.state.nh.us/bill_status/billText.aspx?sy=2017&id=2017-0193h&txtFormat=amend
ocd-bill/56edbd77-35b4-4a64-b1f8-7e9adf855d3a,2018,SB 98,eliminating the statute of limitations on sexual assault.,Senate,upper,ocd-jurisdiction/country:us/state:nh/government,,latest version,text/html,http://www.gencourt.state.nh.us/bill_status/billText.aspx?sy=2018&id=941&txtFormat=html
ocd-bill/7f4b5ba3-62a1-4d56-a67e-5c5806529c54,2018F,HB 1010,AN ACT FOR THE VETERINARY MEDICAL EXAMINING BOARD APPROPRIATION FOR THE 2018-2019 FISCAL YEAR.,House,lower,ocd-jurisdiction/country:us/state:ar/government,,HB 1010,application/pdf,ftp://www.arkleg.state.ar.us/Bills/2018F/Public/Searchable/HB1010.pdf
ocd-bill/5216ec97-6b0c-4804-bdb6-7997eb3f8d6f,2018F,SB 119,AN ACT FOR THE UNIVERSITY OF ARKANSAS AT MONTICELLO SUPPLEMENTAL APPROPRIATION.,Senate,upper,ocd-jurisdiction/country:us/state:ar/government,,SB 119,application/pdf,ftp://www.arkleg.state.ar.us/Bills/2018F/Public/Searchable/SB119.pdf
ocd-bill/ee0d1abf-8dc4-4cc3-bc0e-7d8fda875db9,2019,SB 737,Driving under influence of alcohol; license conditions for first offense.,Senate,upper,ocd-jurisdiction/country:us/state:va/government,2018-01-10,Senate: Prefiled and ordered printed; offered 01/10/18 18101463D,text/html,http://lis.virginia.gov/cgi-bin/legp604.exe?191+ful+SB737
ocd-bill/e0d6ebf3-d4fe-4150-bf24-2de8ebb3f1db,2019,SB 52,Relief of Former Employees of Fairfax Street Wood Treaters by the State of Florida,Florida Senate,upper,ocd-jurisdiction/country:us/state:fl/government,,S 52 Filed,text/html,http://flsenate.gov/Session/Bill/2019/52/BillText/Filed/HTML
ocd-bill/21aa4485-eccf-4c8b-948a-ba357dc541d8,2018,SF 108,Economic diversification and development.,Senate,upper,ocd-jurisdiction/country:us/state:wy/government,,SEA0037,application/pdf,http://legisweb.state.wy.us/2018/Enroll/SF0108.pdf
ocd-bill/8547c81b-6214-4204-820d-9379e23fdcc3,2018,SB 100,establish certain provisions related to grant monitoring and review and to revise certain record retention policies.,Senate,upper,ocd-jurisdiction/country:us/state:sd/government,,Printed,text/html,https://sdlegislature.gov/Legislative_Session/Bills/Bill.aspx?File=SB100P.htm&Session=2018&Version=Printed&Bill=100
ocd-bill/14abdb6b-8399-4e0e-a8a4-1c87208dbf14,2018ss1,S. 2,An act relating to regulating finance leases for credit card terminals,Senate,upper,ocd-jurisdiction/country:us/state:vt/government,,Act Summary,application/pdf,https://legislature.vermont.gov/assets/Documents/2018.1/Docs/Acts/ACT004/ACT004%20Act%20Summary.pdf
ocd-bill/43beb6d9-5033-48ee-b3e3-8c6cc53394b4,86,SB 71,Relating to the establishment of a statewide telehealth center for sexual assault forensic medical examination.,Senate,upper,ocd-jurisdiction/country:us/state:tx/government,,Introduced,text/html,ftp://ftp.legis.state.tx.us/bills/86R/billtext/html/senate_bills/SB00001_SB00099/SB00071I.htm
ocd-bill/ec069819-a78a-4514-a64d-1636e880e5a4,2019,SB 34,Modifies provisions relating to coroners,Senate,upper,ocd-jurisdiction/country:us/state:mo/government,,Introduced,application/pdf,https://www.senate.mo.gov/19info/pdf-bill/intro/SB34.pdf
ocd-bill/b0e43221-5b19-4685-904c-d7029745b2d1,2019,SB 24,Increase optional light motor vehicle registration fee for parks and recreation,Senate,upper,ocd-jurisdiction/country:us/state:mt/government,,Introduced,application/pdf,http://leg.mt.gov/bills/2019/billpdf/SB0024.pdf
ocd-bill/8eb6bd02-3752-45f2-a678-057eef1263e5,2018,S 1280,SCHOOL DISTRICTS – Amends existing law to revise provisions regarding school district trustees.,Senate,upper,ocd-jurisdiction/country:us/state:id/government,,Bill Text,application/pdf,http://legislature.idaho.gov/wp-content/uploads/sessioninfo/2018/legislation/S1280.pdf
ocd-bill/e4883c9c-3fe2-4709-be7b-f73ef7571fe2,2018 Regular Session,SB 1532,Relating to motor assisted scooters.,Senate,upper,ocd-jurisdiction/country:us/state:or/government,,Introduced,application/pdf,https://olis.leg.state.or.us/liz/2018R1/Downloads/MeasureDocument/SB1532/Introduced
ocd-bill/114741b3-f8dc-4ebc-80fd-c4188d4e7bde,2018 3rd Extraordinary Session,HR 10,"VETERANS:  Requests that state governmental offices honor the sacrifices of Louisiana veterans from World War I on November 11, 2018, the 100th anniversary of Armistice Day, now known as Veterans Day",House,lower,ocd-jurisdiction/country:us/state:la/government,,HR10 Enrolled,application/pdf,http://www.legis.la.gov/Legis/ViewDocument.aspx?d=1105266
ocd-bill/848ab2cf-f14d-4929-b14e-97173b63f292,2019-2020,HB 1024,Prohibiting a government database of law abiding owners of legal firearms.,House,lower,ocd-jurisdiction/country:us/state:wa/government,,Bill,text/html,http://lawfilesext.leg.wa.gov/Biennium/2019-20/Htm/Bills/House%20Bills/1024.htm
ocd-bill/d592ee5e-8091-4ab9-ac5d-8d3cf7e62bbc,2017SS1,HB 1138,Appropriations; fund; purpose; emergency.,House,lower,ocd-jurisdiction/country:us/state:ok/government,,Introduced,application/pdf,http://webserver1.lsb.state.ok.us/cf_pdf/2017-18 INT/hB/HB1138X INT.PDF
ocd-bill/86c3e2b3-6184-4d5f-ad6b-b2fc7b9b69dc,2019,HJ 592,Guidelines for Uniform Performance Standards and Evaluation Criteria for Teachers; DOE to study.,House,lower,ocd-jurisdiction/country:us/state:va/government,2018-11-29,House: Prefiled and ordered printed; offered 01/09/19 19101434D,text/html,http://lis.virginia.gov/cgi-bin/legp604.exe?191+ful+HJ592
ocd-bill/b769d8a2-9caf-4285-a518-36fc0fea9536,2018specialI,SR 518,Celebrating the life of Annie Giles.,Senate,upper,ocd-jurisdiction/country:us/state:va/government,2018-05-08,Senate: Presented 18200053D,text/html,http://lis.virginia.gov/cgi-bin/legp604.exe?182+ful+SR518
ocd-bill/0ee52875-c7d8-49d1-b04e-e01c1d0fad41,2018ss1,H.C.R. 14,House concurrent resolution congratulating the 2018 South Burlington Wolves Division I championship baseball team,House,lower,ocd-jurisdiction/country:us/state:vt/government,,As Introduced,application/pdf,https://legislature.vermont.gov/assets/Documents/2018.1/Docs/Resolutn/HCR014/HCR014%20As%20Introduced.pdf
ocd-bill/d8f3aa8d-e8f2-40e2-95f4-025eb1025a95,2018 3rd Extraordinary Session,SCR 2,"CONDOLENCES:  Expresses condolences upon the death of former United States Attorney for the Middle District of Louisiana, Stanford O. Bardwell Jr.",Senate,upper,ocd-jurisdiction/country:us/state:la/government,,SCR2 Enrolled,application/pdf,http://www.legis.la.gov/Legis/ViewDocument.aspx?d=1104959
ocd-bill/b08aff4f-9bc6-4ec6-bf4c-3b92ee8b0df2,2019-2020,SB 15,Charter schools; removing ability for certain entities to sponsor charter schools. Effective date. Emergency.,Senate,upper,ocd-jurisdiction/country:us/state:ok/government,,Introduced,application/pdf,http://webserver1.lsb.state.ok.us/cf_pdf/2019-20 INT/SB/SB15 INT.PDF
ocd-bill/a580e990-fdbf-4757-924c-d0b6c89ed837,2017E1,HJR 2,Adjourn 2018 First Extra Session Sine Die.,House,lower,ocd-jurisdiction/country:us/state:nc/government,,Edition 1,application/pdf,https://www.ncleg.net/Sessions/2017E1/Bills/House/PDF/H2v1.pdf
ocd-bill/94f935c4-2d5c-4e71-ab44-ff67c47158d0,2018S2,S.B. 2004,S.B. 2004 Class B and Class C Road Fund Amendments,Senate,upper,ocd-jurisdiction/country:us/state:ut/government,,Enrolled,application/pdf,http://le.utah.gov/~2018S2/bills/sbillenr/SB2004.pdf
ocd-bill/db31a75c-4754-4758-9078-bcac1dfdd178,2019,HB 61,Small Business Road Construction Mitigation Grant Program,Florida House of Representatives,lower,ocd-jurisdiction/country:us/state:fl/government,,H 61 Filed,application/pdf,http://flsenate.gov/Session/Bill/2019/61/BillText/Filed/PDF
ocd-bill/8dc48719-e761-49df-9300-2f406791dabb,20181E,HR 1,Mrs. Aretha Franklin; commend the life and musical legacy of upon her passing.,House,lower,ocd-jurisdiction/country:us/state:ms/government,,As Introduced,text/html,http://billstatus.ls.state.ms.us/documents/20181E/html/HR/HR0001IN.htm
ocd-bill/df40e4cf-2383-4b84-b39b-d3f3887ae6f9,2017-2020,RC 100,"Para ordenar a la Comisión de Educación, Arte y Cultura de la Cámara de Representantes de Puerto Rico, realizar una investigación en torno al proceso que llevó a cabo la Universidad de Puerto Rico al momento de elegir candidatos a beneficiarse de la otorgación de la Beca Presidencial en el año 2015; para conocer el estado en el cual se encuentra cualquier investigación llevada a cabo por las instituciones o agencias correspondientes sobre las alegadas irregularidades en este proceso; y para otros fines relacionados.",House,lower,ocd-jurisdiction/country:us/territory:pr/government,,Texto de Aprobación Final en Cámara,application/pdf,http://www.oslpr.org/2017-2020/{784ced18-663a-429d-b657-e14fcab3f495}.pdf
ocd-bill/b5da0a44-838a-4f72-b89d-c58b4cb3ec6f,2017S,HB 1,SUPPLEMENTAL GENERAL APPROPRIATIONS,House,lower,ocd-jurisdiction/country:us/state:nm/government,,introduced version,text/html,http://www.nmlegis.gov/Sessions/17%20Special/bills/house/HB0001.HTML
ocd-bill/79ae3846-5100-4f34-ad77-0223d2580ef0,2017S1,S.B. 1001,Port of Entry and Axle Weight Amendments,Senate,upper,ocd-jurisdiction/country:us/state:ut/government,,Introduced,application/pdf,http://le.utah.gov/~2017S1/bills/sbillint/SB1001.pdf
ocd-bill/870f05ee-de6e-4732-bfe4-9895782b596f,111,HB 3,"Courts - As introduced, requires a court that issues orders granting custody or guardianship of children to relative caregivers to inform the relative caregiver that resources and funding may be available through the department of children's services; defines ""relative caregiver"" as person within a first, second, or third degree of relationship to the parent or step-parent of a child who may be related through blood, marriage, or adoption. - Amends TCA Title 16; Title 36 and Title 37.",House,lower,ocd-jurisdiction/country:us/state:tn/government,,Current Version,application/pdf,http://www.capitol.tn.gov/Bills/111/Bill/HB0003.pdf
ocd-bill/7b194943-e565-4b14-80c6-aa855b6b862c,2019,HB 1009,PROHIBITING CERTAIN SEX OFFENDERS FROM ENTERING UPON A SCHOOL CAMPUS.,House,lower,ocd-jurisdiction/country:us/state:ar/government,,HB 1009,application/pdf,ftp://www.arkleg.state.ar.us/Bills/2019R/Public/Searchable/HB1009.pdf
ocd-bill/ca2593a9-e5ae-4b4d-99ee-4fe414131530,January 2018 Special Session,SB 3,"Relating to: asset restrictions on eligibility for FoodShare, Wisconsin Works, and Wisconsin Shares. (FE)",Senate,upper,ocd-jurisdiction/country:us/state:wi/government,,Bill Text,text/html,http://docs.legis.wisconsin.gov/document/proposaltext/2017/JR8/SB3
ocd-bill/ca2593a9-e5ae-4b4d-99ee-4fe414131530,January 2018 Special Session,SB 3,"Relating to: asset restrictions on eligibility for FoodShare, Wisconsin Works, and Wisconsin Shares. (FE)",Senate,upper,ocd-jurisdiction/country:us/state:wi/government,,Bill Text,application/pdf,http://docs.legis.wisconsin.gov/document/proposaltext/2017/JR8/SB3.pdf
ocd-bill/ec7d7d27-cbec-4338-9fc0-ef546d15ff01,2017E2,SB 3,Modify Constitutional Tax Rate Caps.,Senate,upper,ocd-jurisdiction/country:us/state:nc/government,,Filed,application/pdf,https://www.ncleg.net/Sessions/2017E2/Bills/Senate/PDF/S3v0.pdf
ocd-bill/8497962c-f39c-4700-82f1-2a6c5ee8dfef,2017E2,HB 5,Election Notice & Extra Session Requirements.,House,lower,ocd-jurisdiction/country:us/state:nc/government,,Edition 1,application/pdf,https://www.ncleg.net/Sessions/2017E2/Bills/House/PDF/H5v1.pdf
ocd-bill/f625f440-b1c8-44aa-ae76-705a9eb307dc,2017S1,SB 2,"TO INTEGRATE AND INCORPORATE THE PROVISIONS OF ACTS OF 2017 INTO ARKANSAS CONSTITUTION, AMENDMENT 98, ALSO KNOWN AS THE ""ARKANSAS MEDICAL MARIJUANA AMENDMENT OF 2016""; AND TO DECLARE AN EMERGENCY.",Senate,upper,ocd-jurisdiction/country:us/state:ar/government,,SB 2,application/pdf,ftp://www.arkleg.state.ar.us/Bills/2017S1/Public/SB2.pdf
ocd-bill/e4035816-635c-4d29-9ad1-ade94b3c8cac,149,HCR 38,"RECOGNIZING THE VALUABLE CONTRIBUTION THAT THE LIONS CLUB INTERNATIONAL MAKES TO OUR LOCAL COMMUNITIES, AS WELL AS TO THE WORLD AT LARGE, BY DESIGNATING JUNE 15, 2017 AS ""DELAWARE STATE LIONS DAY"" IN THE STATE OF DELAWARE",Senate,upper,ocd-jurisdiction/country:us/state:de/government,,Bill Text,application/msword,https://legis.delaware.gov/json/BillDetail/GetWordDocument?fileAttachmentId=62835
ocd-bill/30d07f91-b57c-4d37-89d8-4ebf50060ac0,2018S2,SR 1,CONGRATULATING THE NORTH LITTLE ROCK HIGH SCHOOL FOOTBALL TEAM AND THE BOYS AND GIRLS BASKETBALL TEAMS ON WINNING THE CLASS 7A STATE CHAMPIONSHIP GAMES. ,Senate,upper,ocd-jurisdiction/country:us/state:ar/government,,SR 1,application/pdf,ftp://www.arkleg.state.ar.us/Bills/2018S2/Public/Searchable/SR1.pdf
ocd-bill/6a22536e-1566-4c48-b5ad-09c7b398cd28,2017S1,SB 1,Authorizes the Public Service Commission to approve a special rate for aluminum smelting and steel works facilities under certain conditions,Missouri General Assembly,legislature,ocd-jurisdiction/country:us/state:mo/government,,Introduced,application/pdf,http://www.senate.mo.gov/17info/pdf-bill/S1/intro/SB1.pdf
ocd-bill/364189c1-5d8e-440f-bd73-17e172258bdd,2018S2,HB 1002,TO ALLOW CERTAIN ELECTRONIC DEVICES OR MACHINES TO PLAY AN ELECTRONIC BLOTTER; AND TO DECLARE AN EMERGENCY.,House,lower,ocd-jurisdiction/country:us/state:ar/government,,HB 1002,application/pdf,ftp://www.arkleg.state.ar.us/Bills/2018S2/Public/Searchable/HB1002.pdf
ocd-bill/9ff048ca-e70e-4d0e-9873-dc14b7b082bb,2019,SB 4,TO CREATE THE ARKANSAS LEGISLATIVE TASK FORCE ON VETERANS AFFAIRS.,Senate,upper,ocd-jurisdiction/country:us/state:ar/government,,SB 4,application/pdf,ftp://www.arkleg.state.ar.us/Bills/2019R/Public/Searchable/SB4.pdf
ocd-bill/5bedbbdd-f472-4995-bcdb-e47d870801c4,2017s1,SF 3,Labor standards,Minnesota Senate,upper,ocd-jurisdiction/country:us/state:mn/government,,Introduction,text/html,https://www.revisor.mn.gov/bills/text.php?number=SF3&version=0&session=ls90&session_year=2017&session_number=1
ocd-bill/97d1103c-1359-46bd-8073-09aeaf611837,2017 2nd Extraordinary Session,HB 7,CAPITAL OUTLAY:  Provides for limitations on certain appropriations included in the Capital Outlay Act for Fiscal Year 2017-2018,House,lower,ocd-jurisdiction/country:us/state:la/government,,HB7 Original,application/pdf,http://www.legis.la.gov/Legis/ViewDocument.aspx?d=1050740
ocd-bill/52451ea6-3579-401d-8ccf-889082a50ae5,2017E1,SB 7,Clarify Language of Veto Exceptions.,Senate,upper,ocd-jurisdiction/country:us/state:nc/government,,Filed,application/pdf,https://www.ncleg.net/Sessions/2017E1/Bills/Senate/PDF/S7v0.pdf
ocd-bill/df8cf3d1-424c-4d94-bede-9fbb16590c8a,2017SS1,SR 3,A resolution recognizing and celebrating Oklahoma Statehood Day; and directing distribution.,Senate,upper,ocd-jurisdiction/country:us/state:ok/government,,Enrolled (final version),application/pdf,http://webserver1.lsb.state.ok.us/cf_pdf/2017-18 ENR/SRES/SR3X ENR.PDF
ocd-bill/3ee455ba-1b26-463b-a4e1-cdbadb557937,2019-2020,SB 5013,Concerning the appointment of religious coordinators.,Senate,upper,ocd-jurisdiction/country:us/state:wa/government,,Bill,text/html,http://lawfilesext.leg.wa.gov/Biennium/2019-20/Htm/Bills/Senate%20Bills/5013.htm
ocd-bill/dd56c822-4d25-42a9-8ddf-e13a56f3249e,2017A,HB 1A,Economic Development,Florida House of Representatives,lower,ocd-jurisdiction/country:us/state:fl/government,,H 1A Filed,application/pdf,http://flsenate.gov/Session/Bill/2017A/1A/BillText/Filed/PDF
ocd-bill/a2485b64-51fd-453e-be96-a9066b2dd70f,20171S,HB 113,Relating to the sale of Jackie Withrow Hospital by the DHHR,House,lower,ocd-jurisdiction/country:us/state:wv/government,,Enrolled Committee Substitute,text/html,http://www.legis.state.wv.us/Bill_Status/bills_text.cfm?billdoc=HB113%20SUB%20ENR.htm&yr=2017&sesstype=1X&i=113
ocd-bill/d99a4b74-c2df-496d-8e14-ba318a5a1bee,20171E,HB 1,Appropriation; Attorney General.,House,lower,ocd-jurisdiction/country:us/state:ms/government,,As Passed the lower,text/html,http://billstatus.ls.state.ms.us/documents/20171E/html/HB/0001-0099/HB0001PS.htm
ocd-bill/52cd35ce-bdd3-4933-92d1-bfc5144b20db,2018 1st Extraordinary Session,SB 3,"TAX/TAXATION:  Makes permanent reductions to certain tax incentive rebate programs. (Item # 3)(gov sig) (EG +$11,000,000 GF RV See Note)",Senate,upper,ocd-jurisdiction/country:us/state:la/government,,SB3 Original,application/pdf,http://www.legis.la.gov/Legis/ViewDocument.aspx?d=1064402
ocd-bill/61e1a2fb-cb51-41d6-85e9-bebd76056cbe,2017S1,HB 1005,TO AMEND INITIATED ACT 1 OF 2000; TO AUTHORIZE THE TRANSFER OF FUNDS FROM THE ARKANSAS HEALTHY CENTURY TRUST FUND TO THE LONG TERM RESERVE FUND; AND TO DECLARE AN EMERGENCY.,House,lower,ocd-jurisdiction/country:us/state:ar/government,,HB 1005,application/pdf,ftp://www.arkleg.state.ar.us/Bills/2017S1/Public/HB1005.pdf
ocd-bill/8d5a5377-a28d-4e17-b8ce-6d75911cb3df,March 2018 Special Session,AB 1,"Relating to: grants to schools for school safety and safety-related upgrades to school buildings, equipment, and facilities; providing an exemption from rule-making procedures; and making an appropriation. (FE)",Assembly,lower,ocd-jurisdiction/country:us/state:wi/government,,Bill Text,text/html,http://docs.legis.wisconsin.gov/document/proposaltext/2017/MR8/AB1
ocd-bill/8d5a5377-a28d-4e17-b8ce-6d75911cb3df,March 2018 Special Session,AB 1,"Relating to: grants to schools for school safety and safety-related upgrades to school buildings, equipment, and facilities; providing an exemption from rule-making procedures; and making an appropriation. (FE)",Assembly,lower,ocd-jurisdiction/country:us/state:wi/government,,Bill Text,application/pdf,http://docs.legis.wisconsin.gov/document/proposaltext/2017/MR8/AB1.pdf
ocd-bill/7f65a7d8-5f64-4c5d-8dcf-830a31ad4a6d,2017 2nd Extraordinary Session,SR 6,CONDOLENCES:  Expresses condolences upon the death of Reverend Frank Benjamin Jones Sr.,Senate,upper,ocd-jurisdiction/country:us/state:la/government,,SR6 Original,application/pdf,http://www.legis.la.gov/Legis/ViewDocument.aspx?d=1051467
ocd-bill/2acd89ca-857c-4ac6-9ff7-1909ff7f33a6,2018 Special Session,HB 4301,Relating to material participation in a business; prescribing an effective date.,House,lower,ocd-jurisdiction/country:us/state:or/government,,Enrolled,application/pdf,https://olis.leg.state.or.us/liz/2018S1/Downloads/MeasureDocument/HB4301/Enrolled
ocd-bill/4c34c286-6603-4de1-8659-2079208e699d,2018S1,HCR 1,Convenes a Joint Session of the General Assembly to receive a message from Governor Mike Parson,House,lower,ocd-jurisdiction/country:us/state:mo/government,,Introduced,application/pdf,http://www.house.mo.gov/billtracking/bills183/hlrbillspdf/6871H.01I.pdf
ocd-bill/bdc8531d-ab48-41ba-ae94-5f40f6082428,20172S,SB 2001,Exempting military retirement income from state income tax,Senate,upper,ocd-jurisdiction/country:us/state:wv/government,,Introduced Version,text/html,http://www.legis.state.wv.us/Bill_Status/bills_text.cfm?billdoc=sb2001%20intr.htm&yr=2017&sesstype=2X&i=2001
ocd-bill/55889ee4-7355-4b2a-a7c7-9cace52a2225,2017S,SB 3,SUPPLEMENTAL GENERAL APPROPRIATIONS,Senate,upper,ocd-jurisdiction/country:us/state:nm/government,,introduced version,text/html,http://www.nmlegis.gov/Sessions/17%20Special/bills/senate/SB0003.HTML
ocd-bill/55889ee4-7355-4b2a-a7c7-9cace52a2225,2017S,SB 3,SUPPLEMENTAL GENERAL APPROPRIATIONS,Senate,upper,ocd-jurisdiction/country:us/state:nm/government,,introduced version,application/pdf,http://www.nmlegis.gov/Sessions/17%20Special/bills/senate/SB0003.PDF
ocd-bill/7bb7ef7e-8324-4e0b-9d28-8e376c966115,53rd-1st-special,SB 1001,controlled substances; regulation; appropriation.,Senate,upper,ocd-jurisdiction/country:us/state:az/government,,Senate Engrossed Version,text/html,https://www.azleg.gov/legtext/53leg/1S/bills/SB1001S.htm
ocd-bill/e42791df-9aa3-41de-b222-c8cac534132b,2017s1,HF 5,Omnibus capital investment bill.,Minnesota House of Representatives,lower,ocd-jurisdiction/country:us/state:mn/government,,Introduction,text/html,https://www.revisor.mn.gov/bills/text.php?number=HF5&version=0&session=ls90&session_year=2017&session_number=1
ocd-bill/a0ca6107-14d4-4e07-825f-5c2e1aeea56c,2018specialII,HB 7001,House of Delegates; new district lines drawn pursuant to court order.,House,lower,ocd-jurisdiction/country:us/state:va/government,2018-08-29,House: Prefiled and ordered printed; offered 08/30/18 18300005D,text/html,http://lis.virginia.gov/cgi-bin/legp604.exe?183+ful+HB7001
ocd-bill/5fc96b9d-237f-4209-98eb-fe6634b4ac4c,2017E3,HB 4,Hurricane Florence Emergency Response Act.,House,lower,ocd-jurisdiction/country:us/state:nc/government,,Edition 1,application/pdf,https://www.ncleg.net/Sessions/2017E3/Bills/House/PDF/H4v1.pdf
ocd-bill/5cd27b25-59f1-4279-95b2-e2b447ef294a,111,SJR 3,"Constitutional Amendments - Proposes additional language in Article II, Section 28 to prohibit the general assembly from levying, authorizing, or otherwise permitting any state tax on property. - ",Senate,upper,ocd-jurisdiction/country:us/state:tn/government,,Current Version,application/pdf,http://www.capitol.tn.gov/Bills/111/Bill/SJR0003.pdf
ocd-bill/6d2e1908-2311-46b3-9355-2ad8a4b53ecd,January 2018 Special Session,AB 2,Relating to: statewide FoodShare employment and training program requirement for able-bodied adults. (FE),Assembly,lower,ocd-jurisdiction/country:us/state:wi/government,,Text as Enrolled,text/html,http://docs.legis.wisconsin.gov/document/enrolledbills/2017/JR8/AB2
ocd-bill/6d2e1908-2311-46b3-9355-2ad8a4b53ecd,January 2018 Special Session,AB 2,Relating to: statewide FoodShare employment and training program requirement for able-bodied adults. (FE),Assembly,lower,ocd-jurisdiction/country:us/state:wi/government,,Text as Enrolled,application/pdf,http://docs.legis.wisconsin.gov/document/enrolledbills/2017/JR8/AB2.pdf
ocd-bill/75e4d00f-40f1-4b17-8a92-23d5174f4830,149,SCR 11,HONORING THE 2017 ALL STATE AWARD RECIPIENTS OF THE DELAWARE HEALTH CARE FACILITIES ASSOCIATION DURING NATIONAL NURSING HOME WEEK.,House,lower,ocd-jurisdiction/country:us/state:de/government,,Bill Text,application/msword,https://legis.delaware.gov/json/BillDetail/GetWordDocument?fileAttachmentId=62552
ocd-bill/9816de26-1121-452a-921b-45fb8c66f162,20181E,SC 504,Extend the condolences of the Legislature on the passing of Circuit Judge Henry Lackey.,Senate,upper,ocd-jurisdiction/country:us/state:ms/government,,As Introduced,text/html,http://billstatus.ls.state.ms.us/documents/20181E/html/SC/SC0504IN.htm
ocd-bill/36b9e669-ee67-4b76-a702-75b454de97e6,2018specialII,SR 702,Commending Paul C. Smedberg.,Senate,upper,ocd-jurisdiction/country:us/state:va/government,2018-08-29,Senate: Prefiled and laid on Clerk's desk; offered 08/30/18 18300007D,text/html,http://lis.virginia.gov/cgi-bin/legp604.exe?183+ful+SR702
ocd-bill/f6c41104-cac5-4772-921f-ee83723d7bda,2017S2,SB 8,Modifies the law relating to the investment policies of the state,Senate,upper,ocd-jurisdiction/country:us/state:mo/government,,Introduced,application/pdf,http://www.senate.mo.gov/17info/pdf-bill/S2/intro/SB8.pdf
ocd-bill/1f00621d-2fbe-4993-801b-75c5870b5a91,2017B,HB 17B-1001,Taxation Of Retail Marijuana Sales,House,lower,ocd-jurisdiction/country:us/state:co/government,,Introduced (10/02/2017),application/pdf,http://leg.colorado.gov/sites/default/files/documents/2017b/bills/2017b_1001_01.pdf
ocd-bill/624a95ac-2a46-418b-aa06-405fec4daea5,January 2017 Special Session,SB 6,"Relating to: authorizing the director of the Office of Educational Opportunity in the University of Wisconsin System to contract for the operation of a recovery charter school, insurance coverage of mental health treatment provided by a recovery charter school, and making appropriations. (FE)",Senate,upper,ocd-jurisdiction/country:us/state:wi/government,,Bill Text,text/html,http://docs.legis.wisconsin.gov/document/proposaltext/2017/JR7/SB6
ocd-bill/624a95ac-2a46-418b-aa06-405fec4daea5,January 2017 Special Session,SB 6,"Relating to: authorizing the director of the Office of Educational Opportunity in the University of Wisconsin System to contract for the operation of a recovery charter school, insurance coverage of mental health treatment provided by a recovery charter school, and making appropriations. (FE)",Senate,upper,ocd-jurisdiction/country:us/state:wi/government,,Bill Text,application/pdf,http://docs.legis.wisconsin.gov/document/proposaltext/2017/JR7/SB6.pdf
ocd-bill/45d5450b-9f15-4cd6-ba7d-055ba4111ffd,20182S,SCR 201,Authorizing adjournments of Senate and House of Delegates,Senate,upper,ocd-jurisdiction/country:us/state:wv/government,,Introduced Version,text/html,http://www.legis.state.wv.us/Bill_Status/bills_text.cfm?billdoc=SCR201%20INTR.htm&yr=2018&sesstype=2X&i=201&houseorig=s&billtype=cr
ocd-bill/971caca6-0422-43c2-911c-8c4fde92a574,2017-2018,SB 646,Education; financing; withholding school aid funds based on certain insignia and practices; provide for. Amends 1979 PA 94 (MCL 388.1601 - 388.1896) by adding sec. 166c.,Senate,upper,ocd-jurisdiction/country:us/state:mi/government,,Senate Introduced Bill,application/pdf,http://www.legislature.mi.gov/documents/2017-2018/billintroduced/Senate/pdf/2017-SIB-0646.pdf
ocd-bill/db3d198c-ded3-47fc-b664-cc9d9b29c5cc,August 2017 Special Session,AR 1,"Relating to: condemning the violence that occurred in Charlottesville, Virginia, on August 12, 2017.",Assembly,lower,ocd-jurisdiction/country:us/state:wi/government,,Resolution Text,text/html,http://docs.legis.wisconsin.gov/document/proposaltext/2017/AU7/AR1
ocd-bill/db3d198c-ded3-47fc-b664-cc9d9b29c5cc,August 2017 Special Session,AR 1,"Relating to: condemning the violence that occurred in Charlottesville, Virginia, on August 12, 2017.",Assembly,lower,ocd-jurisdiction/country:us/state:wi/government,,Resolution Text,application/pdf,http://docs.legis.wisconsin.gov/document/proposaltext/2017/AU7/AR1.pdf
ocd-bill/c6f8a0b2-a6e2-40ac-b8e1-8e3cddf73089,20182S,HB 201,Providing for a special election for State Supreme Court Justice when a vacancy has occurred as the result of impeachment,House,lower,ocd-jurisdiction/country:us/state:wv/government,,Introduced Version,text/html,http://www.legis.state.wv.us/Bill_Status/bills_text.cfm?billdoc=hb201%20intr.htm&yr=2018&sesstype=2X&i=201
ocd-bill/48b19a26-0f4a-4e66-87c5-ef27e9552908,2017s,HCR 1001,"to urge and request the Governor to re-open many of the nonmeandered lakes closed by the Department of Game, Fish and Parks for recreational use to give the Legislature more time to come to a workable solution.",House,lower,ocd-jurisdiction/country:us/state:sd/government,,Printed,text/html,http://www.sdlegislature.gov/Legislative_Session/Bills/Bill.aspx?File=HCR1001P.htm&Session=2017s
ocd-bill/a61dffde-2e28-4e5d-a027-c3a619708e96,2017-2018,HB 4871,"Economic development; other; qualifying period for assessment; modify. Amends secs. 10, 10a, 10c, 10f, 10g & 10k of 1961 PA 120 (MCL 125.990 et seq.)",House,lower,ocd-jurisdiction/country:us/state:mi/government,,As Passed by the House,application/pdf,http://www.legislature.mi.gov/documents/2017-2018/billengrossed/House/pdf/2017-HEBH-4871.pdf
ocd-bill/6950f668-97d5-4ab5-b600-9e6fdb86f17d,2018s,HB 1001,revise certain provisions regarding the commencement of office for state officers.,House,lower,ocd-jurisdiction/country:us/state:sd/government,,Enrolled,text/html,https://sdlegislature.gov/Legislative_Session/Bills/Bill.aspx?File=HB1001ENR.htm&Session=2018s&Version=Enrolled&Bill=1001
ocd-bill/b37c0cb9-4f6a-49e1-806a-ef3557bf8e3a,2017B,SJR 17B-001,Adjourn Sine Die,Senate,upper,ocd-jurisdiction/country:us/state:co/government,,Resolution/Memorial (None),application/pdf,http://leg.colorado.gov/sites/default/files/documents/2017b/bills/2017b_sjr001_enr.pdf
ocd-bill/b16b1b56-070d-4c15-b952-151d26c0b5bd,2018s,SB 2,provide for the collection and remittance of certain taxes by certain marketplace providers.,Senate,upper,ocd-jurisdiction/country:us/state:sd/government,,Enrolled,text/html,https://sdlegislature.gov/Legislative_Session/Bills/Bill.aspx?File=SB2ENR.htm&Session=2018s&Version=Enrolled&Bill=2
ocd-bill/a578d629-d92c-47d2-af22-b197703c515e,August 2017 Special Session,SB 1,"Relating to: authorizing the creation of an electronics and information technology manufacturing zone, making changes to the enterprise zone tax credit program, authorizing limited use of the design-build construction process, granting contingent highway bonding authority, and making appropriations. (FE)",Senate,upper,ocd-jurisdiction/country:us/state:wi/government,,Bill Text,text/html,http://docs.legis.wisconsin.gov/document/proposaltext/2017/AU7/SB1
ocd-bill/a578d629-d92c-47d2-af22-b197703c515e,August 2017 Special Session,SB 1,"Relating to: authorizing the creation of an electronics and information technology manufacturing zone, making changes to the enterprise zone tax credit program, authorizing limited use of the design-build construction process, granting contingent highway bonding authority, and making appropriations. (FE)",Senate,upper,ocd-jurisdiction/country:us/state:wi/government,,Bill Text,application/pdf,http://docs.legis.wisconsin.gov/document/proposaltext/2017/AU7/SB1.pdf
ocd-bill/5d6d98ae-6581-4023-b1ba-2c79051dbead,2017s,SCR 1,"to instruct the Governor to re-open many of the nonmeandered lakes closed by the Department of Game, Fish and Parks for recreational use to give the Legislature more time to come to a workable solution.",Senate,upper,ocd-jurisdiction/country:us/state:sd/government,,Printed,text/html,http://www.sdlegislature.gov/Legislative_Session/Bills/Bill.aspx?File=SCR1P.htm&Session=2017s
ocd-bill/7ffb10d7-4519-4bcd-abff-326417146d4d,2018S2,HB 2,Establishes treatment courts,House,lower,ocd-jurisdiction/country:us/state:mo/government,,Amendment 6880H01.01H,application/pdf,http://www.house.mo.gov/billtracking/bills184/amendpdf/6880H01.01H.pdf
ocd-bill/92bc910e-26c2-4ead-abfb-942d2fc4cac5,53rd-1st-special,HB 2001,controlled substances; regulation; appropriation,House,lower,ocd-jurisdiction/country:us/state:az/government,,House Engrossed Version,text/html,https://www.azleg.gov/legtext/53leg/1S/bills/HB2001H.htm
ocd-bill/09010c68-3d55-4d80-9923-e00fd15c52a0,20172S,HB 201,Exempting military retirement income from personal income tax,House,lower,ocd-jurisdiction/country:us/state:wv/government,,Enrolled Version,text/html,http://www.legis.state.wv.us/Bill_Status/bills_text.cfm?billdoc=hb201%20ENR.htm&yr=2017&sesstype=2X&i=201
ocd-bill/29f9fb90-37dd-4397-ab60-f3c0c16728bd,2017S1,H.B. 1002,H.B. 1002 Road Closure Amendments,House,lower,ocd-jurisdiction/country:us/state:ut/government,,Introduced,application/pdf,http://le.utah.gov/~2017S1/bills/hbillint/HB1002S01.pdf
